candidateId,answerSheetId
4ad0d818-c2df-4d3b-8fbb-4cd78d369681,10e65d13-0806-4fec-8d14-2a51b858b31e
4ad0d818-c2df-4d3b-8fbb-4cd78d369681,10e65d13-0806-4fec-8d14-2a51b858b31e
4ad0d818-c2df-4d3b-8fbb-4cd78d369681,10e65d13-0806-4fec-8d14-2a51b858b31e
4ad0d818-c2df-4d3b-8fbb-4cd78d369681,10e65d13-0806-4fec-8d14-2a51b858b31e
4ad0d818-c2df-4d3b-8fbb-4cd78d369681,10e65d13-0806-4fec-8d14-2a51b858b31e
4ad0d818-c2df-4d3b-8fbb-4cd78d369681,10e65d13-0806-4fec-8d14-2a51b858b31e
4ad0d818-c2df-4d3b-8fbb-4cd78d369681,10e65d13-0806-4fec-8d14-2a51b858b31e
4ad0d818-c2df-4d3b-8fbb-4cd78d369681,10e65d13-0806-4fec-8d14-2a51b858b31e
4ad0d818-c2df-4d3b-8fbb-4cd78d369681,10e65d13-0806-4fec-8d14-2a51b858b31e
4ad0d818-c2df-4d3b-8fbb-4cd78d369681,10e65d13-0806-4fec-8d14-2a51b858b31e
4ad0d818-c2df-4d3b-8fbb-4cd78d369681,10e65d13-0806-4fec-8d14-2a51b858b31e
4ad0d818-c2df-4d3b-8fbb-4cd78d369681,10e65d13-0806-4fec-8d14-2a51b858b31e
4ad0d818-c2df-4d3b-8fbb-4cd78d369681,10e65d13-0806-4fec-8d14-2a51b858b31e
4ad0d818-c2df-4d3b-8fbb-4cd78d369681,10e65d13-0806-4fec-8d14-2a51b858b31e
4ad0d818-c2df-4d3b-8fbb-4cd78d369681,10e65d13-0806-4fec-8d14-2a51b858b31e
4ad0d818-c2df-4d3b-8fbb-4cd78d369681,10e65d13-0806-4fec-8d14-2a51b858b31e
4ad0d818-c2df-4d3b-8fbb-4cd78d369681,10e65d13-0806-4fec-8d14-2a51b858b31e
4ad0d818-c2df-4d3b-8fbb-4cd78d369681,10e65d13-0806-4fec-8d14-2a51b858b31e
4ad0d818-c2df-4d3b-8fbb-4cd78d369681,10e65d13-0806-4fec-8d14-2a51b858b31e
4ad0d818-c2df-4d3b-8fbb-4cd78d369681,10e65d13-0806-4fec-8d14-2a51b858b31e
4ad0d818-c2df-4d3b-8fbb-4cd78d369681,10e65d13-0806-4fec-8d14-2a51b858b31e
4ad0d818-c2df-4d3b-8fbb-4cd78d369681,10e65d13-0806-4fec-8d14-2a51b858b31e
4ad0d818-c2df-4d3b-8fbb-4cd78d369681,10e65d13-0806-4fec-8d14-2a51b858b31e
4ad0d818-c2df-4d3b-8fbb-4cd78d369681,10e65d13-0806-4fec-8d14-2a51b858b31e
4ad0d818-c2df-4d3b-8fbb-4cd78d369681,10e65d13-0806-4fec-8d14-2a51b858b31e
4ad0d818-c2df-4d3b-8fbb-4cd78d369681,10e65d13-0806-4fec-8d14-2a51b858b31e
4ad0d818-c2df-4d3b-8fbb-4cd78d369681,10e65d13-0806-4fec-8d14-2a51b858b31e
4ad0d818-c2df-4d3b-8fbb-4cd78d369681,10e65d13-0806-4fec-8d14-2a51b858b31e
4ad0d818-c2df-4d3b-8fbb-4cd78d369681,10e65d13-0806-4fec-8d14-2a51b858b31e
4ad0d818-c2df-4d3b-8fbb-4cd78d369681,10e65d13-0806-4fec-8d14-2a51b858b31e
4ad0d818-c2df-4d3b-8fbb-4cd78d369681,10e65d13-0806-4fec-8d14-2a51b858b31e
4ad0d818-c2df-4d3b-8fbb-4cd78d369681,10e65d13-0806-4fec-8d14-2a51b858b31e
4ad0d818-c2df-4d3b-8fbb-4cd78d369681,10e65d13-0806-4fec-8d14-2a51b858b31e
4ad0d818-c2df-4d3b-8fbb-4cd78d369681,10e65d13-0806-4fec-8d14-2a51b858b31e
4ad0d818-c2df-4d3b-8fbb-4cd78d369681,10e65d13-0806-4fec-8d14-2a51b858b31e
4ad0d818-c2df-4d3b-8fbb-4cd78d369681,10e65d13-0806-4fec-8d14-2a51b858b31e
4ad0d818-c2df-4d3b-8fbb-4cd78d369681,10e65d13-0806-4fec-8d14-2a51b858b31e
4ad0d818-c2df-4d3b-8fbb-4cd78d369681,10e65d13-0806-4fec-8d14-2a51b858b31e
4ad0d818-c2df-4d3b-8fbb-4cd78d369681,10e65d13-0806-4fec-8d14-2a51b858b31e
4ad0d818-c2df-4d3b-8fbb-4cd78d369681,10e65d13-0806-4fec-8d14-2a51b858b31e
4ad0d818-c2df-4d3b-8fbb-4cd78d369681,10e65d13-0806-4fec-8d14-2a51b858b31e
4ad0d818-c2df-4d3b-8fbb-4cd78d369681,10e65d13-0806-4fec-8d14-2a51b858b31e
4ad0d818-c2df-4d3b-8fbb-4cd78d369681,10e65d13-0806-4fec-8d14-2a51b858b31e
4ad0d818-c2df-4d3b-8fbb-4cd78d369681,10e65d13-0806-4fec-8d14-2a51b858b31e
4ad0d818-c2df-4d3b-8fbb-4cd78d369681,10e65d13-0806-4fec-8d14-2a51b858b31e
4ad0d818-c2df-4d3b-8fbb-4cd78d369681,10e65d13-0806-4fec-8d14-2a51b858b31e
4ad0d818-c2df-4d3b-8fbb-4cd78d369681,10e65d13-0806-4fec-8d14-2a51b858b31e
4ad0d818-c2df-4d3b-8fbb-4cd78d369681,10e65d13-0806-4fec-8d14-2a51b858b31e
4ad0d818-c2df-4d3b-8fbb-4cd78d369681,10e65d13-0806-4fec-8d14-2a51b858b31e
4ad0d818-c2df-4d3b-8fbb-4cd78d369681,10e65d13-0806-4fec-8d14-2a51b858b31e
4ad0d818-c2df-4d3b-8fbb-4cd78d369681,10e65d13-0806-4fec-8d14-2a51b858b31e
4ad0d818-c2df-4d3b-8fbb-4cd78d369681,10e65d13-0806-4fec-8d14-2a51b858b31e
4ad0d818-c2df-4d3b-8fbb-4cd78d369681,10e65d13-0806-4fec-8d14-2a51b858b31e
4ad0d818-c2df-4d3b-8fbb-4cd78d369681,10e65d13-0806-4fec-8d14-2a51b858b31e
4ad0d818-c2df-4d3b-8fbb-4cd78d369681,10e65d13-0806-4fec-8d14-2a51b858b31e
4ad0d818-c2df-4d3b-8fbb-4cd78d369681,10e65d13-0806-4fec-8d14-2a51b858b31e
4ad0d818-c2df-4d3b-8fbb-4cd78d369681,10e65d13-0806-4fec-8d14-2a51b858b31e
4ad0d818-c2df-4d3b-8fbb-4cd78d369681,10e65d13-0806-4fec-8d14-2a51b858b31e
4ad0d818-c2df-4d3b-8fbb-4cd78d369681,10e65d13-0806-4fec-8d14-2a51b858b31e
4ad0d818-c2df-4d3b-8fbb-4cd78d369681,10e65d13-0806-4fec-8d14-2a51b858b31e
4ad0d818-c2df-4d3b-8fbb-4cd78d369681,10e65d13-0806-4fec-8d14-2a51b858b31e
4ad0d818-c2df-4d3b-8fbb-4cd78d369681,10e65d13-0806-4fec-8d14-2a51b858b31e
4ad0d818-c2df-4d3b-8fbb-4cd78d369681,10e65d13-0806-4fec-8d14-2a51b858b31e
4ad0d818-c2df-4d3b-8fbb-4cd78d369681,10e65d13-0806-4fec-8d14-2a51b858b31e
4ad0d818-c2df-4d3b-8fbb-4cd78d369681,10e65d13-0806-4fec-8d14-2a51b858b31e
4ad0d818-c2df-4d3b-8fbb-4cd78d369681,10e65d13-0806-4fec-8d14-2a51b858b31e
4ad0d818-c2df-4d3b-8fbb-4cd78d369681,10e65d13-0806-4fec-8d14-2a51b858b31e
4ad0d818-c2df-4d3b-8fbb-4cd78d369681,10e65d13-0806-4fec-8d14-2a51b858b31e
4ad0d818-c2df-4d3b-8fbb-4cd78d369681,10e65d13-0806-4fec-8d14-2a51b858b31e
4ad0d818-c2df-4d3b-8fbb-4cd78d369681,10e65d13-0806-4fec-8d14-2a51b858b31e
4ad0d818-c2df-4d3b-8fbb-4cd78d369681,10e65d13-0806-4fec-8d14-2a51b858b31e
4ad0d818-c2df-4d3b-8fbb-4cd78d369681,10e65d13-0806-4fec-8d14-2a51b858b31e
4ad0d818-c2df-4d3b-8fbb-4cd78d369681,10e65d13-0806-4fec-8d14-2a51b858b31e
4ea9180d-fd77-42c6-920c-38f985c005d9,d2436100-cb55-4454-9e76-91b411949ed2
4ea9180d-fd77-42c6-920c-38f985c005d9,d2436100-cb55-4454-9e76-91b411949ed2
4ea9180d-fd77-42c6-920c-38f985c005d9,d2436100-cb55-4454-9e76-91b411949ed2
4ea9180d-fd77-42c6-920c-38f985c005d9,d2436100-cb55-4454-9e76-91b411949ed2
4ea9180d-fd77-42c6-920c-38f985c005d9,d2436100-cb55-4454-9e76-91b411949ed2
4ea9180d-fd77-42c6-920c-38f985c005d9,d2436100-cb55-4454-9e76-91b411949ed2
4ea9180d-fd77-42c6-920c-38f985c005d9,d2436100-cb55-4454-9e76-91b411949ed2
4ea9180d-fd77-42c6-920c-38f985c005d9,d2436100-cb55-4454-9e76-91b411949ed2
4ea9180d-fd77-42c6-920c-38f985c005d9,d2436100-cb55-4454-9e76-91b411949ed2
4ea9180d-fd77-42c6-920c-38f985c005d9,d2436100-cb55-4454-9e76-91b411949ed2
4ea9180d-fd77-42c6-920c-38f985c005d9,d2436100-cb55-4454-9e76-91b411949ed2
4ea9180d-fd77-42c6-920c-38f985c005d9,d2436100-cb55-4454-9e76-91b411949ed2
4ea9180d-fd77-42c6-920c-38f985c005d9,d2436100-cb55-4454-9e76-91b411949ed2
4ea9180d-fd77-42c6-920c-38f985c005d9,d2436100-cb55-4454-9e76-91b411949ed2
4ea9180d-fd77-42c6-920c-38f985c005d9,d2436100-cb55-4454-9e76-91b411949ed2
4ea9180d-fd77-42c6-920c-38f985c005d9,d2436100-cb55-4454-9e76-91b411949ed2
4ea9180d-fd77-42c6-920c-38f985c005d9,d2436100-cb55-4454-9e76-91b411949ed2
4ea9180d-fd77-42c6-920c-38f985c005d9,d2436100-cb55-4454-9e76-91b411949ed2
4ea9180d-fd77-42c6-920c-38f985c005d9,d2436100-cb55-4454-9e76-91b411949ed2
4ea9180d-fd77-42c6-920c-38f985c005d9,d2436100-cb55-4454-9e76-91b411949ed2
4ea9180d-fd77-42c6-920c-38f985c005d9,d2436100-cb55-4454-9e76-91b411949ed2
4ea9180d-fd77-42c6-920c-38f985c005d9,d2436100-cb55-4454-9e76-91b411949ed2
4ea9180d-fd77-42c6-920c-38f985c005d9,d2436100-cb55-4454-9e76-91b411949ed2
4ea9180d-fd77-42c6-920c-38f985c005d9,d2436100-cb55-4454-9e76-91b411949ed2
4ea9180d-fd77-42c6-920c-38f985c005d9,d2436100-cb55-4454-9e76-91b411949ed2
4ea9180d-fd77-42c6-920c-38f985c005d9,d2436100-cb55-4454-9e76-91b411949ed2
4ea9180d-fd77-42c6-920c-38f985c005d9,d2436100-cb55-4454-9e76-91b411949ed2
4ea9180d-fd77-42c6-920c-38f985c005d9,d2436100-cb55-4454-9e76-91b411949ed2
4ea9180d-fd77-42c6-920c-38f985c005d9,d2436100-cb55-4454-9e76-91b411949ed2
4ea9180d-fd77-42c6-920c-38f985c005d9,d2436100-cb55-4454-9e76-91b411949ed2
4ea9180d-fd77-42c6-920c-38f985c005d9,d2436100-cb55-4454-9e76-91b411949ed2
4ea9180d-fd77-42c6-920c-38f985c005d9,d2436100-cb55-4454-9e76-91b411949ed2
4ea9180d-fd77-42c6-920c-38f985c005d9,d2436100-cb55-4454-9e76-91b411949ed2
4ea9180d-fd77-42c6-920c-38f985c005d9,d2436100-cb55-4454-9e76-91b411949ed2
4ea9180d-fd77-42c6-920c-38f985c005d9,d2436100-cb55-4454-9e76-91b411949ed2
4ea9180d-fd77-42c6-920c-38f985c005d9,d2436100-cb55-4454-9e76-91b411949ed2
4ea9180d-fd77-42c6-920c-38f985c005d9,d2436100-cb55-4454-9e76-91b411949ed2
4ea9180d-fd77-42c6-920c-38f985c005d9,d2436100-cb55-4454-9e76-91b411949ed2
4ea9180d-fd77-42c6-920c-38f985c005d9,d2436100-cb55-4454-9e76-91b411949ed2
4ea9180d-fd77-42c6-920c-38f985c005d9,d2436100-cb55-4454-9e76-91b411949ed2
4ea9180d-fd77-42c6-920c-38f985c005d9,d2436100-cb55-4454-9e76-91b411949ed2
4ea9180d-fd77-42c6-920c-38f985c005d9,d2436100-cb55-4454-9e76-91b411949ed2
4ea9180d-fd77-42c6-920c-38f985c005d9,d2436100-cb55-4454-9e76-91b411949ed2
4ea9180d-fd77-42c6-920c-38f985c005d9,d2436100-cb55-4454-9e76-91b411949ed2
4ea9180d-fd77-42c6-920c-38f985c005d9,d2436100-cb55-4454-9e76-91b411949ed2
4ea9180d-fd77-42c6-920c-38f985c005d9,d2436100-cb55-4454-9e76-91b411949ed2
4ea9180d-fd77-42c6-920c-38f985c005d9,d2436100-cb55-4454-9e76-91b411949ed2
4ea9180d-fd77-42c6-920c-38f985c005d9,d2436100-cb55-4454-9e76-91b411949ed2
4ea9180d-fd77-42c6-920c-38f985c005d9,d2436100-cb55-4454-9e76-91b411949ed2
4ea9180d-fd77-42c6-920c-38f985c005d9,d2436100-cb55-4454-9e76-91b411949ed2
4ea9180d-fd77-42c6-920c-38f985c005d9,d2436100-cb55-4454-9e76-91b411949ed2
4ea9180d-fd77-42c6-920c-38f985c005d9,d2436100-cb55-4454-9e76-91b411949ed2
4ea9180d-fd77-42c6-920c-38f985c005d9,d2436100-cb55-4454-9e76-91b411949ed2
4ea9180d-fd77-42c6-920c-38f985c005d9,d2436100-cb55-4454-9e76-91b411949ed2
4ea9180d-fd77-42c6-920c-38f985c005d9,d2436100-cb55-4454-9e76-91b411949ed2
4ea9180d-fd77-42c6-920c-38f985c005d9,d2436100-cb55-4454-9e76-91b411949ed2
4ea9180d-fd77-42c6-920c-38f985c005d9,d2436100-cb55-4454-9e76-91b411949ed2
4ea9180d-fd77-42c6-920c-38f985c005d9,d2436100-cb55-4454-9e76-91b411949ed2
4ea9180d-fd77-42c6-920c-38f985c005d9,d2436100-cb55-4454-9e76-91b411949ed2
4ea9180d-fd77-42c6-920c-38f985c005d9,d2436100-cb55-4454-9e76-91b411949ed2
4ea9180d-fd77-42c6-920c-38f985c005d9,d2436100-cb55-4454-9e76-91b411949ed2
4ea9180d-fd77-42c6-920c-38f985c005d9,d2436100-cb55-4454-9e76-91b411949ed2
4ea9180d-fd77-42c6-920c-38f985c005d9,d2436100-cb55-4454-9e76-91b411949ed2
4ea9180d-fd77-42c6-920c-38f985c005d9,d2436100-cb55-4454-9e76-91b411949ed2
4ea9180d-fd77-42c6-920c-38f985c005d9,d2436100-cb55-4454-9e76-91b411949ed2
4ea9180d-fd77-42c6-920c-38f985c005d9,d2436100-cb55-4454-9e76-91b411949ed2
4ea9180d-fd77-42c6-920c-38f985c005d9,d2436100-cb55-4454-9e76-91b411949ed2
4ea9180d-fd77-42c6-920c-38f985c005d9,d2436100-cb55-4454-9e76-91b411949ed2
4ea9180d-fd77-42c6-920c-38f985c005d9,d2436100-cb55-4454-9e76-91b411949ed2
4ea9180d-fd77-42c6-920c-38f985c005d9,d2436100-cb55-4454-9e76-91b411949ed2
4ea9180d-fd77-42c6-920c-38f985c005d9,d2436100-cb55-4454-9e76-91b411949ed2
4ea9180d-fd77-42c6-920c-38f985c005d9,d2436100-cb55-4454-9e76-91b411949ed2
4ea9180d-fd77-42c6-920c-38f985c005d9,d2436100-cb55-4454-9e76-91b411949ed2
65737f9a-3a4e-4689-92a2-bb918c45b63b,d1dcbd25-b224-490b-8425-f1721448a325
65737f9a-3a4e-4689-92a2-bb918c45b63b,d1dcbd25-b224-490b-8425-f1721448a325
65737f9a-3a4e-4689-92a2-bb918c45b63b,d1dcbd25-b224-490b-8425-f1721448a325
65737f9a-3a4e-4689-92a2-bb918c45b63b,d1dcbd25-b224-490b-8425-f1721448a325
65737f9a-3a4e-4689-92a2-bb918c45b63b,d1dcbd25-b224-490b-8425-f1721448a325
65737f9a-3a4e-4689-92a2-bb918c45b63b,d1dcbd25-b224-490b-8425-f1721448a325
65737f9a-3a4e-4689-92a2-bb918c45b63b,d1dcbd25-b224-490b-8425-f1721448a325
65737f9a-3a4e-4689-92a2-bb918c45b63b,d1dcbd25-b224-490b-8425-f1721448a325
65737f9a-3a4e-4689-92a2-bb918c45b63b,d1dcbd25-b224-490b-8425-f1721448a325
65737f9a-3a4e-4689-92a2-bb918c45b63b,d1dcbd25-b224-490b-8425-f1721448a325
65737f9a-3a4e-4689-92a2-bb918c45b63b,d1dcbd25-b224-490b-8425-f1721448a325
65737f9a-3a4e-4689-92a2-bb918c45b63b,d1dcbd25-b224-490b-8425-f1721448a325
65737f9a-3a4e-4689-92a2-bb918c45b63b,d1dcbd25-b224-490b-8425-f1721448a325
65737f9a-3a4e-4689-92a2-bb918c45b63b,d1dcbd25-b224-490b-8425-f1721448a325
65737f9a-3a4e-4689-92a2-bb918c45b63b,d1dcbd25-b224-490b-8425-f1721448a325
65737f9a-3a4e-4689-92a2-bb918c45b63b,d1dcbd25-b224-490b-8425-f1721448a325
65737f9a-3a4e-4689-92a2-bb918c45b63b,d1dcbd25-b224-490b-8425-f1721448a325
65737f9a-3a4e-4689-92a2-bb918c45b63b,d1dcbd25-b224-490b-8425-f1721448a325
65737f9a-3a4e-4689-92a2-bb918c45b63b,d1dcbd25-b224-490b-8425-f1721448a325
65737f9a-3a4e-4689-92a2-bb918c45b63b,d1dcbd25-b224-490b-8425-f1721448a325
65737f9a-3a4e-4689-92a2-bb918c45b63b,d1dcbd25-b224-490b-8425-f1721448a325
65737f9a-3a4e-4689-92a2-bb918c45b63b,d1dcbd25-b224-490b-8425-f1721448a325
65737f9a-3a4e-4689-92a2-bb918c45b63b,d1dcbd25-b224-490b-8425-f1721448a325
65737f9a-3a4e-4689-92a2-bb918c45b63b,d1dcbd25-b224-490b-8425-f1721448a325
65737f9a-3a4e-4689-92a2-bb918c45b63b,d1dcbd25-b224-490b-8425-f1721448a325
65737f9a-3a4e-4689-92a2-bb918c45b63b,d1dcbd25-b224-490b-8425-f1721448a325
65737f9a-3a4e-4689-92a2-bb918c45b63b,d1dcbd25-b224-490b-8425-f1721448a325
65737f9a-3a4e-4689-92a2-bb918c45b63b,d1dcbd25-b224-490b-8425-f1721448a325
65737f9a-3a4e-4689-92a2-bb918c45b63b,d1dcbd25-b224-490b-8425-f1721448a325
65737f9a-3a4e-4689-92a2-bb918c45b63b,d1dcbd25-b224-490b-8425-f1721448a325
65737f9a-3a4e-4689-92a2-bb918c45b63b,d1dcbd25-b224-490b-8425-f1721448a325
65737f9a-3a4e-4689-92a2-bb918c45b63b,d1dcbd25-b224-490b-8425-f1721448a325
65737f9a-3a4e-4689-92a2-bb918c45b63b,d1dcbd25-b224-490b-8425-f1721448a325
65737f9a-3a4e-4689-92a2-bb918c45b63b,d1dcbd25-b224-490b-8425-f1721448a325
65737f9a-3a4e-4689-92a2-bb918c45b63b,d1dcbd25-b224-490b-8425-f1721448a325
65737f9a-3a4e-4689-92a2-bb918c45b63b,d1dcbd25-b224-490b-8425-f1721448a325
65737f9a-3a4e-4689-92a2-bb918c45b63b,d1dcbd25-b224-490b-8425-f1721448a325
65737f9a-3a4e-4689-92a2-bb918c45b63b,d1dcbd25-b224-490b-8425-f1721448a325
65737f9a-3a4e-4689-92a2-bb918c45b63b,d1dcbd25-b224-490b-8425-f1721448a325
65737f9a-3a4e-4689-92a2-bb918c45b63b,d1dcbd25-b224-490b-8425-f1721448a325
65737f9a-3a4e-4689-92a2-bb918c45b63b,d1dcbd25-b224-490b-8425-f1721448a325
65737f9a-3a4e-4689-92a2-bb918c45b63b,d1dcbd25-b224-490b-8425-f1721448a325
65737f9a-3a4e-4689-92a2-bb918c45b63b,d1dcbd25-b224-490b-8425-f1721448a325
65737f9a-3a4e-4689-92a2-bb918c45b63b,d1dcbd25-b224-490b-8425-f1721448a325
65737f9a-3a4e-4689-92a2-bb918c45b63b,d1dcbd25-b224-490b-8425-f1721448a325
65737f9a-3a4e-4689-92a2-bb918c45b63b,d1dcbd25-b224-490b-8425-f1721448a325
65737f9a-3a4e-4689-92a2-bb918c45b63b,d1dcbd25-b224-490b-8425-f1721448a325
65737f9a-3a4e-4689-92a2-bb918c45b63b,d1dcbd25-b224-490b-8425-f1721448a325
65737f9a-3a4e-4689-92a2-bb918c45b63b,d1dcbd25-b224-490b-8425-f1721448a325
65737f9a-3a4e-4689-92a2-bb918c45b63b,d1dcbd25-b224-490b-8425-f1721448a325
65737f9a-3a4e-4689-92a2-bb918c45b63b,d1dcbd25-b224-490b-8425-f1721448a325
65737f9a-3a4e-4689-92a2-bb918c45b63b,d1dcbd25-b224-490b-8425-f1721448a325
65737f9a-3a4e-4689-92a2-bb918c45b63b,d1dcbd25-b224-490b-8425-f1721448a325
65737f9a-3a4e-4689-92a2-bb918c45b63b,d1dcbd25-b224-490b-8425-f1721448a325
65737f9a-3a4e-4689-92a2-bb918c45b63b,d1dcbd25-b224-490b-8425-f1721448a325
65737f9a-3a4e-4689-92a2-bb918c45b63b,d1dcbd25-b224-490b-8425-f1721448a325
65737f9a-3a4e-4689-92a2-bb918c45b63b,d1dcbd25-b224-490b-8425-f1721448a325
65737f9a-3a4e-4689-92a2-bb918c45b63b,d1dcbd25-b224-490b-8425-f1721448a325
65737f9a-3a4e-4689-92a2-bb918c45b63b,d1dcbd25-b224-490b-8425-f1721448a325
65737f9a-3a4e-4689-92a2-bb918c45b63b,d1dcbd25-b224-490b-8425-f1721448a325
65737f9a-3a4e-4689-92a2-bb918c45b63b,d1dcbd25-b224-490b-8425-f1721448a325
65737f9a-3a4e-4689-92a2-bb918c45b63b,d1dcbd25-b224-490b-8425-f1721448a325
65737f9a-3a4e-4689-92a2-bb918c45b63b,d1dcbd25-b224-490b-8425-f1721448a325
65737f9a-3a4e-4689-92a2-bb918c45b63b,d1dcbd25-b224-490b-8425-f1721448a325
65737f9a-3a4e-4689-92a2-bb918c45b63b,d1dcbd25-b224-490b-8425-f1721448a325
65737f9a-3a4e-4689-92a2-bb918c45b63b,d1dcbd25-b224-490b-8425-f1721448a325
65737f9a-3a4e-4689-92a2-bb918c45b63b,d1dcbd25-b224-490b-8425-f1721448a325
65737f9a-3a4e-4689-92a2-bb918c45b63b,d1dcbd25-b224-490b-8425-f1721448a325
65737f9a-3a4e-4689-92a2-bb918c45b63b,d1dcbd25-b224-490b-8425-f1721448a325
65737f9a-3a4e-4689-92a2-bb918c45b63b,d1dcbd25-b224-490b-8425-f1721448a325
65737f9a-3a4e-4689-92a2-bb918c45b63b,d1dcbd25-b224-490b-8425-f1721448a325
65737f9a-3a4e-4689-92a2-bb918c45b63b,d1dcbd25-b224-490b-8425-f1721448a325
65737f9a-3a4e-4689-92a2-bb918c45b63b,d1dcbd25-b224-490b-8425-f1721448a325
65737f9a-3a4e-4689-92a2-bb918c45b63b,d1dcbd25-b224-490b-8425-f1721448a325
65737f9a-3a4e-4689-92a2-bb918c45b63b,d1dcbd25-b224-490b-8425-f1721448a325
73746ead-5370-4711-a67e-9f689e4e1f59,6fb72239-f6c3-4a26-9be8-c04d0cf36f45
73746ead-5370-4711-a67e-9f689e4e1f59,6fb72239-f6c3-4a26-9be8-c04d0cf36f45
73746ead-5370-4711-a67e-9f689e4e1f59,6fb72239-f6c3-4a26-9be8-c04d0cf36f45
73746ead-5370-4711-a67e-9f689e4e1f59,6fb72239-f6c3-4a26-9be8-c04d0cf36f45
73746ead-5370-4711-a67e-9f689e4e1f59,6fb72239-f6c3-4a26-9be8-c04d0cf36f45
73746ead-5370-4711-a67e-9f689e4e1f59,6fb72239-f6c3-4a26-9be8-c04d0cf36f45
73746ead-5370-4711-a67e-9f689e4e1f59,6fb72239-f6c3-4a26-9be8-c04d0cf36f45
73746ead-5370-4711-a67e-9f689e4e1f59,6fb72239-f6c3-4a26-9be8-c04d0cf36f45
73746ead-5370-4711-a67e-9f689e4e1f59,6fb72239-f6c3-4a26-9be8-c04d0cf36f45
73746ead-5370-4711-a67e-9f689e4e1f59,6fb72239-f6c3-4a26-9be8-c04d0cf36f45
73746ead-5370-4711-a67e-9f689e4e1f59,6fb72239-f6c3-4a26-9be8-c04d0cf36f45
73746ead-5370-4711-a67e-9f689e4e1f59,6fb72239-f6c3-4a26-9be8-c04d0cf36f45
73746ead-5370-4711-a67e-9f689e4e1f59,6fb72239-f6c3-4a26-9be8-c04d0cf36f45
73746ead-5370-4711-a67e-9f689e4e1f59,6fb72239-f6c3-4a26-9be8-c04d0cf36f45
73746ead-5370-4711-a67e-9f689e4e1f59,6fb72239-f6c3-4a26-9be8-c04d0cf36f45
73746ead-5370-4711-a67e-9f689e4e1f59,6fb72239-f6c3-4a26-9be8-c04d0cf36f45
73746ead-5370-4711-a67e-9f689e4e1f59,6fb72239-f6c3-4a26-9be8-c04d0cf36f45
73746ead-5370-4711-a67e-9f689e4e1f59,6fb72239-f6c3-4a26-9be8-c04d0cf36f45
73746ead-5370-4711-a67e-9f689e4e1f59,6fb72239-f6c3-4a26-9be8-c04d0cf36f45
73746ead-5370-4711-a67e-9f689e4e1f59,6fb72239-f6c3-4a26-9be8-c04d0cf36f45
73746ead-5370-4711-a67e-9f689e4e1f59,6fb72239-f6c3-4a26-9be8-c04d0cf36f45
73746ead-5370-4711-a67e-9f689e4e1f59,6fb72239-f6c3-4a26-9be8-c04d0cf36f45
73746ead-5370-4711-a67e-9f689e4e1f59,6fb72239-f6c3-4a26-9be8-c04d0cf36f45
73746ead-5370-4711-a67e-9f689e4e1f59,6fb72239-f6c3-4a26-9be8-c04d0cf36f45
73746ead-5370-4711-a67e-9f689e4e1f59,6fb72239-f6c3-4a26-9be8-c04d0cf36f45
73746ead-5370-4711-a67e-9f689e4e1f59,6fb72239-f6c3-4a26-9be8-c04d0cf36f45
73746ead-5370-4711-a67e-9f689e4e1f59,6fb72239-f6c3-4a26-9be8-c04d0cf36f45
73746ead-5370-4711-a67e-9f689e4e1f59,6fb72239-f6c3-4a26-9be8-c04d0cf36f45
73746ead-5370-4711-a67e-9f689e4e1f59,6fb72239-f6c3-4a26-9be8-c04d0cf36f45
73746ead-5370-4711-a67e-9f689e4e1f59,6fb72239-f6c3-4a26-9be8-c04d0cf36f45
73746ead-5370-4711-a67e-9f689e4e1f59,6fb72239-f6c3-4a26-9be8-c04d0cf36f45
73746ead-5370-4711-a67e-9f689e4e1f59,6fb72239-f6c3-4a26-9be8-c04d0cf36f45
73746ead-5370-4711-a67e-9f689e4e1f59,6fb72239-f6c3-4a26-9be8-c04d0cf36f45
73746ead-5370-4711-a67e-9f689e4e1f59,6fb72239-f6c3-4a26-9be8-c04d0cf36f45
73746ead-5370-4711-a67e-9f689e4e1f59,6fb72239-f6c3-4a26-9be8-c04d0cf36f45
73746ead-5370-4711-a67e-9f689e4e1f59,6fb72239-f6c3-4a26-9be8-c04d0cf36f45
73746ead-5370-4711-a67e-9f689e4e1f59,6fb72239-f6c3-4a26-9be8-c04d0cf36f45
73746ead-5370-4711-a67e-9f689e4e1f59,6fb72239-f6c3-4a26-9be8-c04d0cf36f45
73746ead-5370-4711-a67e-9f689e4e1f59,6fb72239-f6c3-4a26-9be8-c04d0cf36f45
73746ead-5370-4711-a67e-9f689e4e1f59,6fb72239-f6c3-4a26-9be8-c04d0cf36f45
73746ead-5370-4711-a67e-9f689e4e1f59,6fb72239-f6c3-4a26-9be8-c04d0cf36f45
73746ead-5370-4711-a67e-9f689e4e1f59,6fb72239-f6c3-4a26-9be8-c04d0cf36f45
73746ead-5370-4711-a67e-9f689e4e1f59,6fb72239-f6c3-4a26-9be8-c04d0cf36f45
73746ead-5370-4711-a67e-9f689e4e1f59,6fb72239-f6c3-4a26-9be8-c04d0cf36f45
73746ead-5370-4711-a67e-9f689e4e1f59,6fb72239-f6c3-4a26-9be8-c04d0cf36f45
73746ead-5370-4711-a67e-9f689e4e1f59,6fb72239-f6c3-4a26-9be8-c04d0cf36f45
73746ead-5370-4711-a67e-9f689e4e1f59,6fb72239-f6c3-4a26-9be8-c04d0cf36f45
73746ead-5370-4711-a67e-9f689e4e1f59,6fb72239-f6c3-4a26-9be8-c04d0cf36f45
73746ead-5370-4711-a67e-9f689e4e1f59,6fb72239-f6c3-4a26-9be8-c04d0cf36f45
73746ead-5370-4711-a67e-9f689e4e1f59,6fb72239-f6c3-4a26-9be8-c04d0cf36f45
73746ead-5370-4711-a67e-9f689e4e1f59,6fb72239-f6c3-4a26-9be8-c04d0cf36f45
73746ead-5370-4711-a67e-9f689e4e1f59,6fb72239-f6c3-4a26-9be8-c04d0cf36f45
73746ead-5370-4711-a67e-9f689e4e1f59,6fb72239-f6c3-4a26-9be8-c04d0cf36f45
73746ead-5370-4711-a67e-9f689e4e1f59,6fb72239-f6c3-4a26-9be8-c04d0cf36f45
73746ead-5370-4711-a67e-9f689e4e1f59,6fb72239-f6c3-4a26-9be8-c04d0cf36f45
73746ead-5370-4711-a67e-9f689e4e1f59,6fb72239-f6c3-4a26-9be8-c04d0cf36f45
73746ead-5370-4711-a67e-9f689e4e1f59,6fb72239-f6c3-4a26-9be8-c04d0cf36f45
73746ead-5370-4711-a67e-9f689e4e1f59,6fb72239-f6c3-4a26-9be8-c04d0cf36f45
73746ead-5370-4711-a67e-9f689e4e1f59,6fb72239-f6c3-4a26-9be8-c04d0cf36f45
73746ead-5370-4711-a67e-9f689e4e1f59,6fb72239-f6c3-4a26-9be8-c04d0cf36f45
73746ead-5370-4711-a67e-9f689e4e1f59,6fb72239-f6c3-4a26-9be8-c04d0cf36f45
73746ead-5370-4711-a67e-9f689e4e1f59,6fb72239-f6c3-4a26-9be8-c04d0cf36f45
73746ead-5370-4711-a67e-9f689e4e1f59,6fb72239-f6c3-4a26-9be8-c04d0cf36f45
73746ead-5370-4711-a67e-9f689e4e1f59,6fb72239-f6c3-4a26-9be8-c04d0cf36f45
73746ead-5370-4711-a67e-9f689e4e1f59,6fb72239-f6c3-4a26-9be8-c04d0cf36f45
73746ead-5370-4711-a67e-9f689e4e1f59,6fb72239-f6c3-4a26-9be8-c04d0cf36f45
73746ead-5370-4711-a67e-9f689e4e1f59,6fb72239-f6c3-4a26-9be8-c04d0cf36f45
73746ead-5370-4711-a67e-9f689e4e1f59,6fb72239-f6c3-4a26-9be8-c04d0cf36f45
73746ead-5370-4711-a67e-9f689e4e1f59,6fb72239-f6c3-4a26-9be8-c04d0cf36f45
73746ead-5370-4711-a67e-9f689e4e1f59,6fb72239-f6c3-4a26-9be8-c04d0cf36f45
73746ead-5370-4711-a67e-9f689e4e1f59,6fb72239-f6c3-4a26-9be8-c04d0cf36f45
73746ead-5370-4711-a67e-9f689e4e1f59,6fb72239-f6c3-4a26-9be8-c04d0cf36f45
73746ead-5370-4711-a67e-9f689e4e1f59,6fb72239-f6c3-4a26-9be8-c04d0cf36f45
73746ead-5370-4711-a67e-9f689e4e1f59,6fb72239-f6c3-4a26-9be8-c04d0cf36f45
73746ead-5370-4711-a67e-9f689e4e1f59,6fb72239-f6c3-4a26-9be8-c04d0cf36f45
80bc0d17-8d83-47a0-90f9-a94c47ff8928,adc3f334-483b-4695-8ccd-68893ad31526
80bc0d17-8d83-47a0-90f9-a94c47ff8928,adc3f334-483b-4695-8ccd-68893ad31526
80bc0d17-8d83-47a0-90f9-a94c47ff8928,adc3f334-483b-4695-8ccd-68893ad31526
80bc0d17-8d83-47a0-90f9-a94c47ff8928,adc3f334-483b-4695-8ccd-68893ad31526
80bc0d17-8d83-47a0-90f9-a94c47ff8928,adc3f334-483b-4695-8ccd-68893ad31526
80bc0d17-8d83-47a0-90f9-a94c47ff8928,adc3f334-483b-4695-8ccd-68893ad31526
80bc0d17-8d83-47a0-90f9-a94c47ff8928,adc3f334-483b-4695-8ccd-68893ad31526
80bc0d17-8d83-47a0-90f9-a94c47ff8928,adc3f334-483b-4695-8ccd-68893ad31526
80bc0d17-8d83-47a0-90f9-a94c47ff8928,adc3f334-483b-4695-8ccd-68893ad31526
80bc0d17-8d83-47a0-90f9-a94c47ff8928,adc3f334-483b-4695-8ccd-68893ad31526
80bc0d17-8d83-47a0-90f9-a94c47ff8928,adc3f334-483b-4695-8ccd-68893ad31526
80bc0d17-8d83-47a0-90f9-a94c47ff8928,adc3f334-483b-4695-8ccd-68893ad31526
80bc0d17-8d83-47a0-90f9-a94c47ff8928,adc3f334-483b-4695-8ccd-68893ad31526
80bc0d17-8d83-47a0-90f9-a94c47ff8928,adc3f334-483b-4695-8ccd-68893ad31526
80bc0d17-8d83-47a0-90f9-a94c47ff8928,adc3f334-483b-4695-8ccd-68893ad31526
80bc0d17-8d83-47a0-90f9-a94c47ff8928,adc3f334-483b-4695-8ccd-68893ad31526
80bc0d17-8d83-47a0-90f9-a94c47ff8928,adc3f334-483b-4695-8ccd-68893ad31526
80bc0d17-8d83-47a0-90f9-a94c47ff8928,adc3f334-483b-4695-8ccd-68893ad31526
80bc0d17-8d83-47a0-90f9-a94c47ff8928,adc3f334-483b-4695-8ccd-68893ad31526
80bc0d17-8d83-47a0-90f9-a94c47ff8928,adc3f334-483b-4695-8ccd-68893ad31526
80bc0d17-8d83-47a0-90f9-a94c47ff8928,adc3f334-483b-4695-8ccd-68893ad31526
80bc0d17-8d83-47a0-90f9-a94c47ff8928,adc3f334-483b-4695-8ccd-68893ad31526
80bc0d17-8d83-47a0-90f9-a94c47ff8928,adc3f334-483b-4695-8ccd-68893ad31526
80bc0d17-8d83-47a0-90f9-a94c47ff8928,adc3f334-483b-4695-8ccd-68893ad31526
80bc0d17-8d83-47a0-90f9-a94c47ff8928,adc3f334-483b-4695-8ccd-68893ad31526
80bc0d17-8d83-47a0-90f9-a94c47ff8928,adc3f334-483b-4695-8ccd-68893ad31526
80bc0d17-8d83-47a0-90f9-a94c47ff8928,adc3f334-483b-4695-8ccd-68893ad31526
80bc0d17-8d83-47a0-90f9-a94c47ff8928,adc3f334-483b-4695-8ccd-68893ad31526
80bc0d17-8d83-47a0-90f9-a94c47ff8928,adc3f334-483b-4695-8ccd-68893ad31526
80bc0d17-8d83-47a0-90f9-a94c47ff8928,adc3f334-483b-4695-8ccd-68893ad31526
80bc0d17-8d83-47a0-90f9-a94c47ff8928,adc3f334-483b-4695-8ccd-68893ad31526
80bc0d17-8d83-47a0-90f9-a94c47ff8928,adc3f334-483b-4695-8ccd-68893ad31526
80bc0d17-8d83-47a0-90f9-a94c47ff8928,adc3f334-483b-4695-8ccd-68893ad31526
80bc0d17-8d83-47a0-90f9-a94c47ff8928,adc3f334-483b-4695-8ccd-68893ad31526
80bc0d17-8d83-47a0-90f9-a94c47ff8928,adc3f334-483b-4695-8ccd-68893ad31526
80bc0d17-8d83-47a0-90f9-a94c47ff8928,adc3f334-483b-4695-8ccd-68893ad31526
80bc0d17-8d83-47a0-90f9-a94c47ff8928,adc3f334-483b-4695-8ccd-68893ad31526
80bc0d17-8d83-47a0-90f9-a94c47ff8928,adc3f334-483b-4695-8ccd-68893ad31526
80bc0d17-8d83-47a0-90f9-a94c47ff8928,adc3f334-483b-4695-8ccd-68893ad31526
80bc0d17-8d83-47a0-90f9-a94c47ff8928,adc3f334-483b-4695-8ccd-68893ad31526
80bc0d17-8d83-47a0-90f9-a94c47ff8928,adc3f334-483b-4695-8ccd-68893ad31526
80bc0d17-8d83-47a0-90f9-a94c47ff8928,adc3f334-483b-4695-8ccd-68893ad31526
80bc0d17-8d83-47a0-90f9-a94c47ff8928,adc3f334-483b-4695-8ccd-68893ad31526
80bc0d17-8d83-47a0-90f9-a94c47ff8928,adc3f334-483b-4695-8ccd-68893ad31526
80bc0d17-8d83-47a0-90f9-a94c47ff8928,adc3f334-483b-4695-8ccd-68893ad31526
80bc0d17-8d83-47a0-90f9-a94c47ff8928,adc3f334-483b-4695-8ccd-68893ad31526
80bc0d17-8d83-47a0-90f9-a94c47ff8928,adc3f334-483b-4695-8ccd-68893ad31526
80bc0d17-8d83-47a0-90f9-a94c47ff8928,adc3f334-483b-4695-8ccd-68893ad31526
80bc0d17-8d83-47a0-90f9-a94c47ff8928,adc3f334-483b-4695-8ccd-68893ad31526
80bc0d17-8d83-47a0-90f9-a94c47ff8928,adc3f334-483b-4695-8ccd-68893ad31526
80bc0d17-8d83-47a0-90f9-a94c47ff8928,adc3f334-483b-4695-8ccd-68893ad31526
80bc0d17-8d83-47a0-90f9-a94c47ff8928,adc3f334-483b-4695-8ccd-68893ad31526
80bc0d17-8d83-47a0-90f9-a94c47ff8928,adc3f334-483b-4695-8ccd-68893ad31526
80bc0d17-8d83-47a0-90f9-a94c47ff8928,adc3f334-483b-4695-8ccd-68893ad31526
80bc0d17-8d83-47a0-90f9-a94c47ff8928,adc3f334-483b-4695-8ccd-68893ad31526
80bc0d17-8d83-47a0-90f9-a94c47ff8928,adc3f334-483b-4695-8ccd-68893ad31526
80bc0d17-8d83-47a0-90f9-a94c47ff8928,adc3f334-483b-4695-8ccd-68893ad31526
80bc0d17-8d83-47a0-90f9-a94c47ff8928,adc3f334-483b-4695-8ccd-68893ad31526
80bc0d17-8d83-47a0-90f9-a94c47ff8928,adc3f334-483b-4695-8ccd-68893ad31526
80bc0d17-8d83-47a0-90f9-a94c47ff8928,adc3f334-483b-4695-8ccd-68893ad31526
80bc0d17-8d83-47a0-90f9-a94c47ff8928,adc3f334-483b-4695-8ccd-68893ad31526
80bc0d17-8d83-47a0-90f9-a94c47ff8928,adc3f334-483b-4695-8ccd-68893ad31526
80bc0d17-8d83-47a0-90f9-a94c47ff8928,adc3f334-483b-4695-8ccd-68893ad31526
80bc0d17-8d83-47a0-90f9-a94c47ff8928,adc3f334-483b-4695-8ccd-68893ad31526
80bc0d17-8d83-47a0-90f9-a94c47ff8928,adc3f334-483b-4695-8ccd-68893ad31526
80bc0d17-8d83-47a0-90f9-a94c47ff8928,adc3f334-483b-4695-8ccd-68893ad31526
80bc0d17-8d83-47a0-90f9-a94c47ff8928,adc3f334-483b-4695-8ccd-68893ad31526
80bc0d17-8d83-47a0-90f9-a94c47ff8928,adc3f334-483b-4695-8ccd-68893ad31526
97c35ee0-131a-4229-a488-a9e02475b574,ef923be0-c032-4f23-8425-5fc94224537b
97c35ee0-131a-4229-a488-a9e02475b574,ef923be0-c032-4f23-8425-5fc94224537b
97c35ee0-131a-4229-a488-a9e02475b574,ef923be0-c032-4f23-8425-5fc94224537b
97c35ee0-131a-4229-a488-a9e02475b574,ef923be0-c032-4f23-8425-5fc94224537b
97c35ee0-131a-4229-a488-a9e02475b574,ef923be0-c032-4f23-8425-5fc94224537b
97c35ee0-131a-4229-a488-a9e02475b574,ef923be0-c032-4f23-8425-5fc94224537b
97c35ee0-131a-4229-a488-a9e02475b574,ef923be0-c032-4f23-8425-5fc94224537b
97c35ee0-131a-4229-a488-a9e02475b574,ef923be0-c032-4f23-8425-5fc94224537b
97c35ee0-131a-4229-a488-a9e02475b574,ef923be0-c032-4f23-8425-5fc94224537b
97c35ee0-131a-4229-a488-a9e02475b574,ef923be0-c032-4f23-8425-5fc94224537b
97c35ee0-131a-4229-a488-a9e02475b574,ef923be0-c032-4f23-8425-5fc94224537b
97c35ee0-131a-4229-a488-a9e02475b574,ef923be0-c032-4f23-8425-5fc94224537b
97c35ee0-131a-4229-a488-a9e02475b574,ef923be0-c032-4f23-8425-5fc94224537b
97c35ee0-131a-4229-a488-a9e02475b574,ef923be0-c032-4f23-8425-5fc94224537b
97c35ee0-131a-4229-a488-a9e02475b574,ef923be0-c032-4f23-8425-5fc94224537b
97c35ee0-131a-4229-a488-a9e02475b574,ef923be0-c032-4f23-8425-5fc94224537b
97c35ee0-131a-4229-a488-a9e02475b574,ef923be0-c032-4f23-8425-5fc94224537b
97c35ee0-131a-4229-a488-a9e02475b574,ef923be0-c032-4f23-8425-5fc94224537b
97c35ee0-131a-4229-a488-a9e02475b574,ef923be0-c032-4f23-8425-5fc94224537b
97c35ee0-131a-4229-a488-a9e02475b574,ef923be0-c032-4f23-8425-5fc94224537b
97c35ee0-131a-4229-a488-a9e02475b574,ef923be0-c032-4f23-8425-5fc94224537b
97c35ee0-131a-4229-a488-a9e02475b574,ef923be0-c032-4f23-8425-5fc94224537b
97c35ee0-131a-4229-a488-a9e02475b574,ef923be0-c032-4f23-8425-5fc94224537b
97c35ee0-131a-4229-a488-a9e02475b574,ef923be0-c032-4f23-8425-5fc94224537b
97c35ee0-131a-4229-a488-a9e02475b574,ef923be0-c032-4f23-8425-5fc94224537b
97c35ee0-131a-4229-a488-a9e02475b574,ef923be0-c032-4f23-8425-5fc94224537b
97c35ee0-131a-4229-a488-a9e02475b574,ef923be0-c032-4f23-8425-5fc94224537b
97c35ee0-131a-4229-a488-a9e02475b574,ef923be0-c032-4f23-8425-5fc94224537b
97c35ee0-131a-4229-a488-a9e02475b574,ef923be0-c032-4f23-8425-5fc94224537b
97c35ee0-131a-4229-a488-a9e02475b574,ef923be0-c032-4f23-8425-5fc94224537b
97c35ee0-131a-4229-a488-a9e02475b574,ef923be0-c032-4f23-8425-5fc94224537b
97c35ee0-131a-4229-a488-a9e02475b574,ef923be0-c032-4f23-8425-5fc94224537b
97c35ee0-131a-4229-a488-a9e02475b574,ef923be0-c032-4f23-8425-5fc94224537b
97c35ee0-131a-4229-a488-a9e02475b574,ef923be0-c032-4f23-8425-5fc94224537b
97c35ee0-131a-4229-a488-a9e02475b574,ef923be0-c032-4f23-8425-5fc94224537b
97c35ee0-131a-4229-a488-a9e02475b574,ef923be0-c032-4f23-8425-5fc94224537b
97c35ee0-131a-4229-a488-a9e02475b574,ef923be0-c032-4f23-8425-5fc94224537b
97c35ee0-131a-4229-a488-a9e02475b574,ef923be0-c032-4f23-8425-5fc94224537b
97c35ee0-131a-4229-a488-a9e02475b574,ef923be0-c032-4f23-8425-5fc94224537b
97c35ee0-131a-4229-a488-a9e02475b574,ef923be0-c032-4f23-8425-5fc94224537b
97c35ee0-131a-4229-a488-a9e02475b574,ef923be0-c032-4f23-8425-5fc94224537b
97c35ee0-131a-4229-a488-a9e02475b574,ef923be0-c032-4f23-8425-5fc94224537b
97c35ee0-131a-4229-a488-a9e02475b574,ef923be0-c032-4f23-8425-5fc94224537b
97c35ee0-131a-4229-a488-a9e02475b574,ef923be0-c032-4f23-8425-5fc94224537b
97c35ee0-131a-4229-a488-a9e02475b574,ef923be0-c032-4f23-8425-5fc94224537b
97c35ee0-131a-4229-a488-a9e02475b574,ef923be0-c032-4f23-8425-5fc94224537b
97c35ee0-131a-4229-a488-a9e02475b574,ef923be0-c032-4f23-8425-5fc94224537b
97c35ee0-131a-4229-a488-a9e02475b574,ef923be0-c032-4f23-8425-5fc94224537b
97c35ee0-131a-4229-a488-a9e02475b574,ef923be0-c032-4f23-8425-5fc94224537b
97c35ee0-131a-4229-a488-a9e02475b574,ef923be0-c032-4f23-8425-5fc94224537b
97c35ee0-131a-4229-a488-a9e02475b574,ef923be0-c032-4f23-8425-5fc94224537b
97c35ee0-131a-4229-a488-a9e02475b574,ef923be0-c032-4f23-8425-5fc94224537b
97c35ee0-131a-4229-a488-a9e02475b574,ef923be0-c032-4f23-8425-5fc94224537b
97c35ee0-131a-4229-a488-a9e02475b574,ef923be0-c032-4f23-8425-5fc94224537b
97c35ee0-131a-4229-a488-a9e02475b574,ef923be0-c032-4f23-8425-5fc94224537b
97c35ee0-131a-4229-a488-a9e02475b574,ef923be0-c032-4f23-8425-5fc94224537b
97c35ee0-131a-4229-a488-a9e02475b574,ef923be0-c032-4f23-8425-5fc94224537b
97c35ee0-131a-4229-a488-a9e02475b574,ef923be0-c032-4f23-8425-5fc94224537b
97c35ee0-131a-4229-a488-a9e02475b574,ef923be0-c032-4f23-8425-5fc94224537b
97c35ee0-131a-4229-a488-a9e02475b574,ef923be0-c032-4f23-8425-5fc94224537b
97c35ee0-131a-4229-a488-a9e02475b574,ef923be0-c032-4f23-8425-5fc94224537b
97c35ee0-131a-4229-a488-a9e02475b574,ef923be0-c032-4f23-8425-5fc94224537b
97c35ee0-131a-4229-a488-a9e02475b574,ef923be0-c032-4f23-8425-5fc94224537b
97c35ee0-131a-4229-a488-a9e02475b574,ef923be0-c032-4f23-8425-5fc94224537b
97c35ee0-131a-4229-a488-a9e02475b574,ef923be0-c032-4f23-8425-5fc94224537b
97c35ee0-131a-4229-a488-a9e02475b574,ef923be0-c032-4f23-8425-5fc94224537b
97c35ee0-131a-4229-a488-a9e02475b574,ef923be0-c032-4f23-8425-5fc94224537b
97c35ee0-131a-4229-a488-a9e02475b574,ef923be0-c032-4f23-8425-5fc94224537b
97c35ee0-131a-4229-a488-a9e02475b574,ef923be0-c032-4f23-8425-5fc94224537b
97c35ee0-131a-4229-a488-a9e02475b574,ef923be0-c032-4f23-8425-5fc94224537b
97c35ee0-131a-4229-a488-a9e02475b574,ef923be0-c032-4f23-8425-5fc94224537b
a46e6c4e-0618-4a3a-ba7d-a1ef34d6e49a,318cad39-4439-4983-9f7d-2a1c10fe2005
a46e6c4e-0618-4a3a-ba7d-a1ef34d6e49a,318cad39-4439-4983-9f7d-2a1c10fe2005
a46e6c4e-0618-4a3a-ba7d-a1ef34d6e49a,318cad39-4439-4983-9f7d-2a1c10fe2005
a46e6c4e-0618-4a3a-ba7d-a1ef34d6e49a,318cad39-4439-4983-9f7d-2a1c10fe2005
a46e6c4e-0618-4a3a-ba7d-a1ef34d6e49a,318cad39-4439-4983-9f7d-2a1c10fe2005
a46e6c4e-0618-4a3a-ba7d-a1ef34d6e49a,318cad39-4439-4983-9f7d-2a1c10fe2005
a46e6c4e-0618-4a3a-ba7d-a1ef34d6e49a,318cad39-4439-4983-9f7d-2a1c10fe2005
a46e6c4e-0618-4a3a-ba7d-a1ef34d6e49a,318cad39-4439-4983-9f7d-2a1c10fe2005
a46e6c4e-0618-4a3a-ba7d-a1ef34d6e49a,318cad39-4439-4983-9f7d-2a1c10fe2005
a46e6c4e-0618-4a3a-ba7d-a1ef34d6e49a,318cad39-4439-4983-9f7d-2a1c10fe2005
a46e6c4e-0618-4a3a-ba7d-a1ef34d6e49a,318cad39-4439-4983-9f7d-2a1c10fe2005
a46e6c4e-0618-4a3a-ba7d-a1ef34d6e49a,318cad39-4439-4983-9f7d-2a1c10fe2005
a46e6c4e-0618-4a3a-ba7d-a1ef34d6e49a,318cad39-4439-4983-9f7d-2a1c10fe2005
a46e6c4e-0618-4a3a-ba7d-a1ef34d6e49a,318cad39-4439-4983-9f7d-2a1c10fe2005
a46e6c4e-0618-4a3a-ba7d-a1ef34d6e49a,318cad39-4439-4983-9f7d-2a1c10fe2005
a46e6c4e-0618-4a3a-ba7d-a1ef34d6e49a,318cad39-4439-4983-9f7d-2a1c10fe2005
a46e6c4e-0618-4a3a-ba7d-a1ef34d6e49a,318cad39-4439-4983-9f7d-2a1c10fe2005
a46e6c4e-0618-4a3a-ba7d-a1ef34d6e49a,318cad39-4439-4983-9f7d-2a1c10fe2005
a46e6c4e-0618-4a3a-ba7d-a1ef34d6e49a,318cad39-4439-4983-9f7d-2a1c10fe2005
a46e6c4e-0618-4a3a-ba7d-a1ef34d6e49a,318cad39-4439-4983-9f7d-2a1c10fe2005
a46e6c4e-0618-4a3a-ba7d-a1ef34d6e49a,318cad39-4439-4983-9f7d-2a1c10fe2005
a46e6c4e-0618-4a3a-ba7d-a1ef34d6e49a,318cad39-4439-4983-9f7d-2a1c10fe2005
a46e6c4e-0618-4a3a-ba7d-a1ef34d6e49a,318cad39-4439-4983-9f7d-2a1c10fe2005
a46e6c4e-0618-4a3a-ba7d-a1ef34d6e49a,318cad39-4439-4983-9f7d-2a1c10fe2005
a46e6c4e-0618-4a3a-ba7d-a1ef34d6e49a,318cad39-4439-4983-9f7d-2a1c10fe2005
a46e6c4e-0618-4a3a-ba7d-a1ef34d6e49a,318cad39-4439-4983-9f7d-2a1c10fe2005
a46e6c4e-0618-4a3a-ba7d-a1ef34d6e49a,318cad39-4439-4983-9f7d-2a1c10fe2005
a46e6c4e-0618-4a3a-ba7d-a1ef34d6e49a,318cad39-4439-4983-9f7d-2a1c10fe2005
a46e6c4e-0618-4a3a-ba7d-a1ef34d6e49a,318cad39-4439-4983-9f7d-2a1c10fe2005
a46e6c4e-0618-4a3a-ba7d-a1ef34d6e49a,318cad39-4439-4983-9f7d-2a1c10fe2005
a46e6c4e-0618-4a3a-ba7d-a1ef34d6e49a,318cad39-4439-4983-9f7d-2a1c10fe2005
a46e6c4e-0618-4a3a-ba7d-a1ef34d6e49a,318cad39-4439-4983-9f7d-2a1c10fe2005
a46e6c4e-0618-4a3a-ba7d-a1ef34d6e49a,318cad39-4439-4983-9f7d-2a1c10fe2005
a46e6c4e-0618-4a3a-ba7d-a1ef34d6e49a,318cad39-4439-4983-9f7d-2a1c10fe2005
a46e6c4e-0618-4a3a-ba7d-a1ef34d6e49a,318cad39-4439-4983-9f7d-2a1c10fe2005
a46e6c4e-0618-4a3a-ba7d-a1ef34d6e49a,318cad39-4439-4983-9f7d-2a1c10fe2005
a46e6c4e-0618-4a3a-ba7d-a1ef34d6e49a,318cad39-4439-4983-9f7d-2a1c10fe2005
a46e6c4e-0618-4a3a-ba7d-a1ef34d6e49a,318cad39-4439-4983-9f7d-2a1c10fe2005
a46e6c4e-0618-4a3a-ba7d-a1ef34d6e49a,318cad39-4439-4983-9f7d-2a1c10fe2005
a46e6c4e-0618-4a3a-ba7d-a1ef34d6e49a,318cad39-4439-4983-9f7d-2a1c10fe2005
a46e6c4e-0618-4a3a-ba7d-a1ef34d6e49a,318cad39-4439-4983-9f7d-2a1c10fe2005
a46e6c4e-0618-4a3a-ba7d-a1ef34d6e49a,318cad39-4439-4983-9f7d-2a1c10fe2005
a46e6c4e-0618-4a3a-ba7d-a1ef34d6e49a,318cad39-4439-4983-9f7d-2a1c10fe2005
a46e6c4e-0618-4a3a-ba7d-a1ef34d6e49a,318cad39-4439-4983-9f7d-2a1c10fe2005
a46e6c4e-0618-4a3a-ba7d-a1ef34d6e49a,318cad39-4439-4983-9f7d-2a1c10fe2005
a46e6c4e-0618-4a3a-ba7d-a1ef34d6e49a,318cad39-4439-4983-9f7d-2a1c10fe2005
a46e6c4e-0618-4a3a-ba7d-a1ef34d6e49a,318cad39-4439-4983-9f7d-2a1c10fe2005
a46e6c4e-0618-4a3a-ba7d-a1ef34d6e49a,318cad39-4439-4983-9f7d-2a1c10fe2005
a46e6c4e-0618-4a3a-ba7d-a1ef34d6e49a,318cad39-4439-4983-9f7d-2a1c10fe2005
a46e6c4e-0618-4a3a-ba7d-a1ef34d6e49a,318cad39-4439-4983-9f7d-2a1c10fe2005
a46e6c4e-0618-4a3a-ba7d-a1ef34d6e49a,318cad39-4439-4983-9f7d-2a1c10fe2005
a46e6c4e-0618-4a3a-ba7d-a1ef34d6e49a,318cad39-4439-4983-9f7d-2a1c10fe2005
a46e6c4e-0618-4a3a-ba7d-a1ef34d6e49a,318cad39-4439-4983-9f7d-2a1c10fe2005
a46e6c4e-0618-4a3a-ba7d-a1ef34d6e49a,318cad39-4439-4983-9f7d-2a1c10fe2005
a46e6c4e-0618-4a3a-ba7d-a1ef34d6e49a,318cad39-4439-4983-9f7d-2a1c10fe2005
a46e6c4e-0618-4a3a-ba7d-a1ef34d6e49a,318cad39-4439-4983-9f7d-2a1c10fe2005
a46e6c4e-0618-4a3a-ba7d-a1ef34d6e49a,318cad39-4439-4983-9f7d-2a1c10fe2005
a46e6c4e-0618-4a3a-ba7d-a1ef34d6e49a,318cad39-4439-4983-9f7d-2a1c10fe2005
a46e6c4e-0618-4a3a-ba7d-a1ef34d6e49a,318cad39-4439-4983-9f7d-2a1c10fe2005
a46e6c4e-0618-4a3a-ba7d-a1ef34d6e49a,318cad39-4439-4983-9f7d-2a1c10fe2005
a46e6c4e-0618-4a3a-ba7d-a1ef34d6e49a,318cad39-4439-4983-9f7d-2a1c10fe2005
a46e6c4e-0618-4a3a-ba7d-a1ef34d6e49a,318cad39-4439-4983-9f7d-2a1c10fe2005
a46e6c4e-0618-4a3a-ba7d-a1ef34d6e49a,318cad39-4439-4983-9f7d-2a1c10fe2005
a46e6c4e-0618-4a3a-ba7d-a1ef34d6e49a,318cad39-4439-4983-9f7d-2a1c10fe2005
a46e6c4e-0618-4a3a-ba7d-a1ef34d6e49a,318cad39-4439-4983-9f7d-2a1c10fe2005
a46e6c4e-0618-4a3a-ba7d-a1ef34d6e49a,318cad39-4439-4983-9f7d-2a1c10fe2005
bd327648-fccb-410e-bcc2-24f728525e99,2547a6d7-e863-4754-a2ba-41d1ff611415
bd327648-fccb-410e-bcc2-24f728525e99,2547a6d7-e863-4754-a2ba-41d1ff611415
bd327648-fccb-410e-bcc2-24f728525e99,2547a6d7-e863-4754-a2ba-41d1ff611415
bd327648-fccb-410e-bcc2-24f728525e99,2547a6d7-e863-4754-a2ba-41d1ff611415
bd327648-fccb-410e-bcc2-24f728525e99,2547a6d7-e863-4754-a2ba-41d1ff611415
bd327648-fccb-410e-bcc2-24f728525e99,2547a6d7-e863-4754-a2ba-41d1ff611415
bd327648-fccb-410e-bcc2-24f728525e99,2547a6d7-e863-4754-a2ba-41d1ff611415
bd327648-fccb-410e-bcc2-24f728525e99,2547a6d7-e863-4754-a2ba-41d1ff611415
bd327648-fccb-410e-bcc2-24f728525e99,2547a6d7-e863-4754-a2ba-41d1ff611415
bd327648-fccb-410e-bcc2-24f728525e99,2547a6d7-e863-4754-a2ba-41d1ff611415
bd327648-fccb-410e-bcc2-24f728525e99,2547a6d7-e863-4754-a2ba-41d1ff611415
bd327648-fccb-410e-bcc2-24f728525e99,2547a6d7-e863-4754-a2ba-41d1ff611415
bd327648-fccb-410e-bcc2-24f728525e99,2547a6d7-e863-4754-a2ba-41d1ff611415
bd327648-fccb-410e-bcc2-24f728525e99,2547a6d7-e863-4754-a2ba-41d1ff611415
bd327648-fccb-410e-bcc2-24f728525e99,2547a6d7-e863-4754-a2ba-41d1ff611415
bd327648-fccb-410e-bcc2-24f728525e99,2547a6d7-e863-4754-a2ba-41d1ff611415
bd327648-fccb-410e-bcc2-24f728525e99,2547a6d7-e863-4754-a2ba-41d1ff611415
bd327648-fccb-410e-bcc2-24f728525e99,2547a6d7-e863-4754-a2ba-41d1ff611415
bd327648-fccb-410e-bcc2-24f728525e99,2547a6d7-e863-4754-a2ba-41d1ff611415
bd327648-fccb-410e-bcc2-24f728525e99,2547a6d7-e863-4754-a2ba-41d1ff611415
bd327648-fccb-410e-bcc2-24f728525e99,2547a6d7-e863-4754-a2ba-41d1ff611415
bd327648-fccb-410e-bcc2-24f728525e99,2547a6d7-e863-4754-a2ba-41d1ff611415
bd327648-fccb-410e-bcc2-24f728525e99,2547a6d7-e863-4754-a2ba-41d1ff611415
bd327648-fccb-410e-bcc2-24f728525e99,2547a6d7-e863-4754-a2ba-41d1ff611415
bd327648-fccb-410e-bcc2-24f728525e99,2547a6d7-e863-4754-a2ba-41d1ff611415
bd327648-fccb-410e-bcc2-24f728525e99,2547a6d7-e863-4754-a2ba-41d1ff611415
bd327648-fccb-410e-bcc2-24f728525e99,2547a6d7-e863-4754-a2ba-41d1ff611415
bd327648-fccb-410e-bcc2-24f728525e99,2547a6d7-e863-4754-a2ba-41d1ff611415
bd327648-fccb-410e-bcc2-24f728525e99,2547a6d7-e863-4754-a2ba-41d1ff611415
bd327648-fccb-410e-bcc2-24f728525e99,2547a6d7-e863-4754-a2ba-41d1ff611415
bd327648-fccb-410e-bcc2-24f728525e99,2547a6d7-e863-4754-a2ba-41d1ff611415
bd327648-fccb-410e-bcc2-24f728525e99,2547a6d7-e863-4754-a2ba-41d1ff611415
bd327648-fccb-410e-bcc2-24f728525e99,2547a6d7-e863-4754-a2ba-41d1ff611415
bd327648-fccb-410e-bcc2-24f728525e99,2547a6d7-e863-4754-a2ba-41d1ff611415
bd327648-fccb-410e-bcc2-24f728525e99,2547a6d7-e863-4754-a2ba-41d1ff611415
bd327648-fccb-410e-bcc2-24f728525e99,2547a6d7-e863-4754-a2ba-41d1ff611415
bd327648-fccb-410e-bcc2-24f728525e99,2547a6d7-e863-4754-a2ba-41d1ff611415
bd327648-fccb-410e-bcc2-24f728525e99,2547a6d7-e863-4754-a2ba-41d1ff611415
bd327648-fccb-410e-bcc2-24f728525e99,2547a6d7-e863-4754-a2ba-41d1ff611415
bd327648-fccb-410e-bcc2-24f728525e99,2547a6d7-e863-4754-a2ba-41d1ff611415
bd327648-fccb-410e-bcc2-24f728525e99,2547a6d7-e863-4754-a2ba-41d1ff611415
bd327648-fccb-410e-bcc2-24f728525e99,2547a6d7-e863-4754-a2ba-41d1ff611415
bd327648-fccb-410e-bcc2-24f728525e99,2547a6d7-e863-4754-a2ba-41d1ff611415
bd327648-fccb-410e-bcc2-24f728525e99,2547a6d7-e863-4754-a2ba-41d1ff611415
bd327648-fccb-410e-bcc2-24f728525e99,2547a6d7-e863-4754-a2ba-41d1ff611415
bd327648-fccb-410e-bcc2-24f728525e99,2547a6d7-e863-4754-a2ba-41d1ff611415
bd327648-fccb-410e-bcc2-24f728525e99,2547a6d7-e863-4754-a2ba-41d1ff611415
bd327648-fccb-410e-bcc2-24f728525e99,2547a6d7-e863-4754-a2ba-41d1ff611415
bd327648-fccb-410e-bcc2-24f728525e99,2547a6d7-e863-4754-a2ba-41d1ff611415
bd327648-fccb-410e-bcc2-24f728525e99,2547a6d7-e863-4754-a2ba-41d1ff611415
bd327648-fccb-410e-bcc2-24f728525e99,2547a6d7-e863-4754-a2ba-41d1ff611415
bd327648-fccb-410e-bcc2-24f728525e99,2547a6d7-e863-4754-a2ba-41d1ff611415
bd327648-fccb-410e-bcc2-24f728525e99,2547a6d7-e863-4754-a2ba-41d1ff611415
bd327648-fccb-410e-bcc2-24f728525e99,2547a6d7-e863-4754-a2ba-41d1ff611415
bd327648-fccb-410e-bcc2-24f728525e99,2547a6d7-e863-4754-a2ba-41d1ff611415
bd327648-fccb-410e-bcc2-24f728525e99,2547a6d7-e863-4754-a2ba-41d1ff611415
bd327648-fccb-410e-bcc2-24f728525e99,2547a6d7-e863-4754-a2ba-41d1ff611415
bd327648-fccb-410e-bcc2-24f728525e99,2547a6d7-e863-4754-a2ba-41d1ff611415
bd327648-fccb-410e-bcc2-24f728525e99,2547a6d7-e863-4754-a2ba-41d1ff611415
bd327648-fccb-410e-bcc2-24f728525e99,2547a6d7-e863-4754-a2ba-41d1ff611415
bd327648-fccb-410e-bcc2-24f728525e99,2547a6d7-e863-4754-a2ba-41d1ff611415
bd327648-fccb-410e-bcc2-24f728525e99,2547a6d7-e863-4754-a2ba-41d1ff611415
bd327648-fccb-410e-bcc2-24f728525e99,2547a6d7-e863-4754-a2ba-41d1ff611415
bd327648-fccb-410e-bcc2-24f728525e99,2547a6d7-e863-4754-a2ba-41d1ff611415
bd327648-fccb-410e-bcc2-24f728525e99,2547a6d7-e863-4754-a2ba-41d1ff611415
bd327648-fccb-410e-bcc2-24f728525e99,2547a6d7-e863-4754-a2ba-41d1ff611415
bd327648-fccb-410e-bcc2-24f728525e99,2547a6d7-e863-4754-a2ba-41d1ff611415
bd327648-fccb-410e-bcc2-24f728525e99,2547a6d7-e863-4754-a2ba-41d1ff611415
bd327648-fccb-410e-bcc2-24f728525e99,2547a6d7-e863-4754-a2ba-41d1ff611415
bd327648-fccb-410e-bcc2-24f728525e99,2547a6d7-e863-4754-a2ba-41d1ff611415
bd327648-fccb-410e-bcc2-24f728525e99,2547a6d7-e863-4754-a2ba-41d1ff611415
bd327648-fccb-410e-bcc2-24f728525e99,2547a6d7-e863-4754-a2ba-41d1ff611415
d2fa7e3a-9361-4d05-9c06-6bc4ddf60427,79602ecc-5ba9-4bc4-83ab-fbddb4281dac
d2fa7e3a-9361-4d05-9c06-6bc4ddf60427,79602ecc-5ba9-4bc4-83ab-fbddb4281dac
d2fa7e3a-9361-4d05-9c06-6bc4ddf60427,79602ecc-5ba9-4bc4-83ab-fbddb4281dac
d2fa7e3a-9361-4d05-9c06-6bc4ddf60427,79602ecc-5ba9-4bc4-83ab-fbddb4281dac
d2fa7e3a-9361-4d05-9c06-6bc4ddf60427,79602ecc-5ba9-4bc4-83ab-fbddb4281dac
d2fa7e3a-9361-4d05-9c06-6bc4ddf60427,79602ecc-5ba9-4bc4-83ab-fbddb4281dac
d2fa7e3a-9361-4d05-9c06-6bc4ddf60427,79602ecc-5ba9-4bc4-83ab-fbddb4281dac
d2fa7e3a-9361-4d05-9c06-6bc4ddf60427,79602ecc-5ba9-4bc4-83ab-fbddb4281dac
d2fa7e3a-9361-4d05-9c06-6bc4ddf60427,79602ecc-5ba9-4bc4-83ab-fbddb4281dac
d2fa7e3a-9361-4d05-9c06-6bc4ddf60427,79602ecc-5ba9-4bc4-83ab-fbddb4281dac
d2fa7e3a-9361-4d05-9c06-6bc4ddf60427,79602ecc-5ba9-4bc4-83ab-fbddb4281dac
d2fa7e3a-9361-4d05-9c06-6bc4ddf60427,79602ecc-5ba9-4bc4-83ab-fbddb4281dac
d2fa7e3a-9361-4d05-9c06-6bc4ddf60427,79602ecc-5ba9-4bc4-83ab-fbddb4281dac
d2fa7e3a-9361-4d05-9c06-6bc4ddf60427,79602ecc-5ba9-4bc4-83ab-fbddb4281dac
d2fa7e3a-9361-4d05-9c06-6bc4ddf60427,79602ecc-5ba9-4bc4-83ab-fbddb4281dac
d2fa7e3a-9361-4d05-9c06-6bc4ddf60427,79602ecc-5ba9-4bc4-83ab-fbddb4281dac
d2fa7e3a-9361-4d05-9c06-6bc4ddf60427,79602ecc-5ba9-4bc4-83ab-fbddb4281dac
d2fa7e3a-9361-4d05-9c06-6bc4ddf60427,79602ecc-5ba9-4bc4-83ab-fbddb4281dac
d2fa7e3a-9361-4d05-9c06-6bc4ddf60427,79602ecc-5ba9-4bc4-83ab-fbddb4281dac
d2fa7e3a-9361-4d05-9c06-6bc4ddf60427,79602ecc-5ba9-4bc4-83ab-fbddb4281dac
d2fa7e3a-9361-4d05-9c06-6bc4ddf60427,79602ecc-5ba9-4bc4-83ab-fbddb4281dac
d2fa7e3a-9361-4d05-9c06-6bc4ddf60427,79602ecc-5ba9-4bc4-83ab-fbddb4281dac
d2fa7e3a-9361-4d05-9c06-6bc4ddf60427,79602ecc-5ba9-4bc4-83ab-fbddb4281dac
d2fa7e3a-9361-4d05-9c06-6bc4ddf60427,79602ecc-5ba9-4bc4-83ab-fbddb4281dac
d2fa7e3a-9361-4d05-9c06-6bc4ddf60427,79602ecc-5ba9-4bc4-83ab-fbddb4281dac
d2fa7e3a-9361-4d05-9c06-6bc4ddf60427,79602ecc-5ba9-4bc4-83ab-fbddb4281dac
d2fa7e3a-9361-4d05-9c06-6bc4ddf60427,79602ecc-5ba9-4bc4-83ab-fbddb4281dac
d2fa7e3a-9361-4d05-9c06-6bc4ddf60427,79602ecc-5ba9-4bc4-83ab-fbddb4281dac
d2fa7e3a-9361-4d05-9c06-6bc4ddf60427,79602ecc-5ba9-4bc4-83ab-fbddb4281dac
d2fa7e3a-9361-4d05-9c06-6bc4ddf60427,79602ecc-5ba9-4bc4-83ab-fbddb4281dac
d2fa7e3a-9361-4d05-9c06-6bc4ddf60427,79602ecc-5ba9-4bc4-83ab-fbddb4281dac
d2fa7e3a-9361-4d05-9c06-6bc4ddf60427,79602ecc-5ba9-4bc4-83ab-fbddb4281dac
d2fa7e3a-9361-4d05-9c06-6bc4ddf60427,79602ecc-5ba9-4bc4-83ab-fbddb4281dac
d2fa7e3a-9361-4d05-9c06-6bc4ddf60427,79602ecc-5ba9-4bc4-83ab-fbddb4281dac
d2fa7e3a-9361-4d05-9c06-6bc4ddf60427,79602ecc-5ba9-4bc4-83ab-fbddb4281dac
d2fa7e3a-9361-4d05-9c06-6bc4ddf60427,79602ecc-5ba9-4bc4-83ab-fbddb4281dac
d2fa7e3a-9361-4d05-9c06-6bc4ddf60427,79602ecc-5ba9-4bc4-83ab-fbddb4281dac
d2fa7e3a-9361-4d05-9c06-6bc4ddf60427,79602ecc-5ba9-4bc4-83ab-fbddb4281dac
d2fa7e3a-9361-4d05-9c06-6bc4ddf60427,79602ecc-5ba9-4bc4-83ab-fbddb4281dac
d2fa7e3a-9361-4d05-9c06-6bc4ddf60427,79602ecc-5ba9-4bc4-83ab-fbddb4281dac
d2fa7e3a-9361-4d05-9c06-6bc4ddf60427,79602ecc-5ba9-4bc4-83ab-fbddb4281dac
d2fa7e3a-9361-4d05-9c06-6bc4ddf60427,79602ecc-5ba9-4bc4-83ab-fbddb4281dac
d2fa7e3a-9361-4d05-9c06-6bc4ddf60427,79602ecc-5ba9-4bc4-83ab-fbddb4281dac
d2fa7e3a-9361-4d05-9c06-6bc4ddf60427,79602ecc-5ba9-4bc4-83ab-fbddb4281dac
d2fa7e3a-9361-4d05-9c06-6bc4ddf60427,79602ecc-5ba9-4bc4-83ab-fbddb4281dac
d2fa7e3a-9361-4d05-9c06-6bc4ddf60427,79602ecc-5ba9-4bc4-83ab-fbddb4281dac
d2fa7e3a-9361-4d05-9c06-6bc4ddf60427,79602ecc-5ba9-4bc4-83ab-fbddb4281dac
d2fa7e3a-9361-4d05-9c06-6bc4ddf60427,79602ecc-5ba9-4bc4-83ab-fbddb4281dac
d2fa7e3a-9361-4d05-9c06-6bc4ddf60427,79602ecc-5ba9-4bc4-83ab-fbddb4281dac
d2fa7e3a-9361-4d05-9c06-6bc4ddf60427,79602ecc-5ba9-4bc4-83ab-fbddb4281dac
d2fa7e3a-9361-4d05-9c06-6bc4ddf60427,79602ecc-5ba9-4bc4-83ab-fbddb4281dac
d2fa7e3a-9361-4d05-9c06-6bc4ddf60427,79602ecc-5ba9-4bc4-83ab-fbddb4281dac
d2fa7e3a-9361-4d05-9c06-6bc4ddf60427,79602ecc-5ba9-4bc4-83ab-fbddb4281dac
d2fa7e3a-9361-4d05-9c06-6bc4ddf60427,79602ecc-5ba9-4bc4-83ab-fbddb4281dac
d2fa7e3a-9361-4d05-9c06-6bc4ddf60427,79602ecc-5ba9-4bc4-83ab-fbddb4281dac
d2fa7e3a-9361-4d05-9c06-6bc4ddf60427,79602ecc-5ba9-4bc4-83ab-fbddb4281dac
d2fa7e3a-9361-4d05-9c06-6bc4ddf60427,79602ecc-5ba9-4bc4-83ab-fbddb4281dac
d2fa7e3a-9361-4d05-9c06-6bc4ddf60427,79602ecc-5ba9-4bc4-83ab-fbddb4281dac
d2fa7e3a-9361-4d05-9c06-6bc4ddf60427,79602ecc-5ba9-4bc4-83ab-fbddb4281dac
d2fa7e3a-9361-4d05-9c06-6bc4ddf60427,79602ecc-5ba9-4bc4-83ab-fbddb4281dac
d2fa7e3a-9361-4d05-9c06-6bc4ddf60427,79602ecc-5ba9-4bc4-83ab-fbddb4281dac
d2fa7e3a-9361-4d05-9c06-6bc4ddf60427,79602ecc-5ba9-4bc4-83ab-fbddb4281dac
d2fa7e3a-9361-4d05-9c06-6bc4ddf60427,79602ecc-5ba9-4bc4-83ab-fbddb4281dac
d2fa7e3a-9361-4d05-9c06-6bc4ddf60427,79602ecc-5ba9-4bc4-83ab-fbddb4281dac
d2fa7e3a-9361-4d05-9c06-6bc4ddf60427,79602ecc-5ba9-4bc4-83ab-fbddb4281dac
d2fa7e3a-9361-4d05-9c06-6bc4ddf60427,79602ecc-5ba9-4bc4-83ab-fbddb4281dac
d2fa7e3a-9361-4d05-9c06-6bc4ddf60427,79602ecc-5ba9-4bc4-83ab-fbddb4281dac
d2fa7e3a-9361-4d05-9c06-6bc4ddf60427,79602ecc-5ba9-4bc4-83ab-fbddb4281dac
d2fa7e3a-9361-4d05-9c06-6bc4ddf60427,79602ecc-5ba9-4bc4-83ab-fbddb4281dac
d2fa7e3a-9361-4d05-9c06-6bc4ddf60427,79602ecc-5ba9-4bc4-83ab-fbddb4281dac
d2fa7e3a-9361-4d05-9c06-6bc4ddf60427,79602ecc-5ba9-4bc4-83ab-fbddb4281dac
d2fa7e3a-9361-4d05-9c06-6bc4ddf60427,79602ecc-5ba9-4bc4-83ab-fbddb4281dac
d2fa7e3a-9361-4d05-9c06-6bc4ddf60427,79602ecc-5ba9-4bc4-83ab-fbddb4281dac
d2fa7e3a-9361-4d05-9c06-6bc4ddf60427,79602ecc-5ba9-4bc4-83ab-fbddb4281dac
d2fa7e3a-9361-4d05-9c06-6bc4ddf60427,79602ecc-5ba9-4bc4-83ab-fbddb4281dac
d60096c5-0797-4ca0-9fff-aaa4c3ddc3f4,6937b4f4-912c-4c8e-8781-59783cbae31e
d60096c5-0797-4ca0-9fff-aaa4c3ddc3f4,6937b4f4-912c-4c8e-8781-59783cbae31e
d60096c5-0797-4ca0-9fff-aaa4c3ddc3f4,6937b4f4-912c-4c8e-8781-59783cbae31e
d60096c5-0797-4ca0-9fff-aaa4c3ddc3f4,6937b4f4-912c-4c8e-8781-59783cbae31e
d60096c5-0797-4ca0-9fff-aaa4c3ddc3f4,6937b4f4-912c-4c8e-8781-59783cbae31e
d60096c5-0797-4ca0-9fff-aaa4c3ddc3f4,6937b4f4-912c-4c8e-8781-59783cbae31e
d60096c5-0797-4ca0-9fff-aaa4c3ddc3f4,6937b4f4-912c-4c8e-8781-59783cbae31e
d60096c5-0797-4ca0-9fff-aaa4c3ddc3f4,6937b4f4-912c-4c8e-8781-59783cbae31e
d60096c5-0797-4ca0-9fff-aaa4c3ddc3f4,6937b4f4-912c-4c8e-8781-59783cbae31e
d60096c5-0797-4ca0-9fff-aaa4c3ddc3f4,6937b4f4-912c-4c8e-8781-59783cbae31e
d60096c5-0797-4ca0-9fff-aaa4c3ddc3f4,6937b4f4-912c-4c8e-8781-59783cbae31e
d60096c5-0797-4ca0-9fff-aaa4c3ddc3f4,6937b4f4-912c-4c8e-8781-59783cbae31e
d60096c5-0797-4ca0-9fff-aaa4c3ddc3f4,6937b4f4-912c-4c8e-8781-59783cbae31e
d60096c5-0797-4ca0-9fff-aaa4c3ddc3f4,6937b4f4-912c-4c8e-8781-59783cbae31e
d60096c5-0797-4ca0-9fff-aaa4c3ddc3f4,6937b4f4-912c-4c8e-8781-59783cbae31e
d60096c5-0797-4ca0-9fff-aaa4c3ddc3f4,6937b4f4-912c-4c8e-8781-59783cbae31e
d60096c5-0797-4ca0-9fff-aaa4c3ddc3f4,6937b4f4-912c-4c8e-8781-59783cbae31e
d60096c5-0797-4ca0-9fff-aaa4c3ddc3f4,6937b4f4-912c-4c8e-8781-59783cbae31e
d60096c5-0797-4ca0-9fff-aaa4c3ddc3f4,6937b4f4-912c-4c8e-8781-59783cbae31e
d60096c5-0797-4ca0-9fff-aaa4c3ddc3f4,6937b4f4-912c-4c8e-8781-59783cbae31e
d60096c5-0797-4ca0-9fff-aaa4c3ddc3f4,6937b4f4-912c-4c8e-8781-59783cbae31e
d60096c5-0797-4ca0-9fff-aaa4c3ddc3f4,6937b4f4-912c-4c8e-8781-59783cbae31e
d60096c5-0797-4ca0-9fff-aaa4c3ddc3f4,6937b4f4-912c-4c8e-8781-59783cbae31e
d60096c5-0797-4ca0-9fff-aaa4c3ddc3f4,6937b4f4-912c-4c8e-8781-59783cbae31e
d60096c5-0797-4ca0-9fff-aaa4c3ddc3f4,6937b4f4-912c-4c8e-8781-59783cbae31e
d60096c5-0797-4ca0-9fff-aaa4c3ddc3f4,6937b4f4-912c-4c8e-8781-59783cbae31e
d60096c5-0797-4ca0-9fff-aaa4c3ddc3f4,6937b4f4-912c-4c8e-8781-59783cbae31e
d60096c5-0797-4ca0-9fff-aaa4c3ddc3f4,6937b4f4-912c-4c8e-8781-59783cbae31e
d60096c5-0797-4ca0-9fff-aaa4c3ddc3f4,6937b4f4-912c-4c8e-8781-59783cbae31e
d60096c5-0797-4ca0-9fff-aaa4c3ddc3f4,6937b4f4-912c-4c8e-8781-59783cbae31e
d60096c5-0797-4ca0-9fff-aaa4c3ddc3f4,6937b4f4-912c-4c8e-8781-59783cbae31e
d60096c5-0797-4ca0-9fff-aaa4c3ddc3f4,6937b4f4-912c-4c8e-8781-59783cbae31e
d60096c5-0797-4ca0-9fff-aaa4c3ddc3f4,6937b4f4-912c-4c8e-8781-59783cbae31e
d60096c5-0797-4ca0-9fff-aaa4c3ddc3f4,6937b4f4-912c-4c8e-8781-59783cbae31e
d60096c5-0797-4ca0-9fff-aaa4c3ddc3f4,6937b4f4-912c-4c8e-8781-59783cbae31e
d60096c5-0797-4ca0-9fff-aaa4c3ddc3f4,6937b4f4-912c-4c8e-8781-59783cbae31e
d60096c5-0797-4ca0-9fff-aaa4c3ddc3f4,6937b4f4-912c-4c8e-8781-59783cbae31e
d60096c5-0797-4ca0-9fff-aaa4c3ddc3f4,6937b4f4-912c-4c8e-8781-59783cbae31e
d60096c5-0797-4ca0-9fff-aaa4c3ddc3f4,6937b4f4-912c-4c8e-8781-59783cbae31e
d60096c5-0797-4ca0-9fff-aaa4c3ddc3f4,6937b4f4-912c-4c8e-8781-59783cbae31e
d60096c5-0797-4ca0-9fff-aaa4c3ddc3f4,6937b4f4-912c-4c8e-8781-59783cbae31e
d60096c5-0797-4ca0-9fff-aaa4c3ddc3f4,6937b4f4-912c-4c8e-8781-59783cbae31e
d60096c5-0797-4ca0-9fff-aaa4c3ddc3f4,6937b4f4-912c-4c8e-8781-59783cbae31e
d60096c5-0797-4ca0-9fff-aaa4c3ddc3f4,6937b4f4-912c-4c8e-8781-59783cbae31e
d60096c5-0797-4ca0-9fff-aaa4c3ddc3f4,6937b4f4-912c-4c8e-8781-59783cbae31e
d60096c5-0797-4ca0-9fff-aaa4c3ddc3f4,6937b4f4-912c-4c8e-8781-59783cbae31e
d60096c5-0797-4ca0-9fff-aaa4c3ddc3f4,6937b4f4-912c-4c8e-8781-59783cbae31e
d60096c5-0797-4ca0-9fff-aaa4c3ddc3f4,6937b4f4-912c-4c8e-8781-59783cbae31e
d60096c5-0797-4ca0-9fff-aaa4c3ddc3f4,6937b4f4-912c-4c8e-8781-59783cbae31e
d60096c5-0797-4ca0-9fff-aaa4c3ddc3f4,6937b4f4-912c-4c8e-8781-59783cbae31e
d60096c5-0797-4ca0-9fff-aaa4c3ddc3f4,6937b4f4-912c-4c8e-8781-59783cbae31e
d60096c5-0797-4ca0-9fff-aaa4c3ddc3f4,6937b4f4-912c-4c8e-8781-59783cbae31e
d60096c5-0797-4ca0-9fff-aaa4c3ddc3f4,6937b4f4-912c-4c8e-8781-59783cbae31e
d60096c5-0797-4ca0-9fff-aaa4c3ddc3f4,6937b4f4-912c-4c8e-8781-59783cbae31e
d60096c5-0797-4ca0-9fff-aaa4c3ddc3f4,6937b4f4-912c-4c8e-8781-59783cbae31e
d60096c5-0797-4ca0-9fff-aaa4c3ddc3f4,6937b4f4-912c-4c8e-8781-59783cbae31e
d60096c5-0797-4ca0-9fff-aaa4c3ddc3f4,6937b4f4-912c-4c8e-8781-59783cbae31e
d60096c5-0797-4ca0-9fff-aaa4c3ddc3f4,6937b4f4-912c-4c8e-8781-59783cbae31e
d60096c5-0797-4ca0-9fff-aaa4c3ddc3f4,6937b4f4-912c-4c8e-8781-59783cbae31e
d60096c5-0797-4ca0-9fff-aaa4c3ddc3f4,6937b4f4-912c-4c8e-8781-59783cbae31e
d60096c5-0797-4ca0-9fff-aaa4c3ddc3f4,6937b4f4-912c-4c8e-8781-59783cbae31e
d60096c5-0797-4ca0-9fff-aaa4c3ddc3f4,6937b4f4-912c-4c8e-8781-59783cbae31e
d60096c5-0797-4ca0-9fff-aaa4c3ddc3f4,6937b4f4-912c-4c8e-8781-59783cbae31e
d60096c5-0797-4ca0-9fff-aaa4c3ddc3f4,6937b4f4-912c-4c8e-8781-59783cbae31e
d60096c5-0797-4ca0-9fff-aaa4c3ddc3f4,6937b4f4-912c-4c8e-8781-59783cbae31e
d60096c5-0797-4ca0-9fff-aaa4c3ddc3f4,6937b4f4-912c-4c8e-8781-59783cbae31e
d60096c5-0797-4ca0-9fff-aaa4c3ddc3f4,6937b4f4-912c-4c8e-8781-59783cbae31e
d60096c5-0797-4ca0-9fff-aaa4c3ddc3f4,6937b4f4-912c-4c8e-8781-59783cbae31e
d60096c5-0797-4ca0-9fff-aaa4c3ddc3f4,6937b4f4-912c-4c8e-8781-59783cbae31e
d60096c5-0797-4ca0-9fff-aaa4c3ddc3f4,6937b4f4-912c-4c8e-8781-59783cbae31e
d60096c5-0797-4ca0-9fff-aaa4c3ddc3f4,6937b4f4-912c-4c8e-8781-59783cbae31e
d60096c5-0797-4ca0-9fff-aaa4c3ddc3f4,6937b4f4-912c-4c8e-8781-59783cbae31e
d60096c5-0797-4ca0-9fff-aaa4c3ddc3f4,6937b4f4-912c-4c8e-8781-59783cbae31e
de4b2c5f-6cd0-4ec3-8049-13e9bb63eb92,9b482471-ba97-4234-b3f6-3068d8af3a2c
de4b2c5f-6cd0-4ec3-8049-13e9bb63eb92,9b482471-ba97-4234-b3f6-3068d8af3a2c
de4b2c5f-6cd0-4ec3-8049-13e9bb63eb92,9b482471-ba97-4234-b3f6-3068d8af3a2c
de4b2c5f-6cd0-4ec3-8049-13e9bb63eb92,9b482471-ba97-4234-b3f6-3068d8af3a2c
de4b2c5f-6cd0-4ec3-8049-13e9bb63eb92,9b482471-ba97-4234-b3f6-3068d8af3a2c
de4b2c5f-6cd0-4ec3-8049-13e9bb63eb92,9b482471-ba97-4234-b3f6-3068d8af3a2c
de4b2c5f-6cd0-4ec3-8049-13e9bb63eb92,9b482471-ba97-4234-b3f6-3068d8af3a2c
de4b2c5f-6cd0-4ec3-8049-13e9bb63eb92,9b482471-ba97-4234-b3f6-3068d8af3a2c
de4b2c5f-6cd0-4ec3-8049-13e9bb63eb92,9b482471-ba97-4234-b3f6-3068d8af3a2c
de4b2c5f-6cd0-4ec3-8049-13e9bb63eb92,9b482471-ba97-4234-b3f6-3068d8af3a2c
de4b2c5f-6cd0-4ec3-8049-13e9bb63eb92,9b482471-ba97-4234-b3f6-3068d8af3a2c
de4b2c5f-6cd0-4ec3-8049-13e9bb63eb92,9b482471-ba97-4234-b3f6-3068d8af3a2c
de4b2c5f-6cd0-4ec3-8049-13e9bb63eb92,9b482471-ba97-4234-b3f6-3068d8af3a2c
de4b2c5f-6cd0-4ec3-8049-13e9bb63eb92,9b482471-ba97-4234-b3f6-3068d8af3a2c
de4b2c5f-6cd0-4ec3-8049-13e9bb63eb92,9b482471-ba97-4234-b3f6-3068d8af3a2c
de4b2c5f-6cd0-4ec3-8049-13e9bb63eb92,9b482471-ba97-4234-b3f6-3068d8af3a2c
de4b2c5f-6cd0-4ec3-8049-13e9bb63eb92,9b482471-ba97-4234-b3f6-3068d8af3a2c
de4b2c5f-6cd0-4ec3-8049-13e9bb63eb92,9b482471-ba97-4234-b3f6-3068d8af3a2c
de4b2c5f-6cd0-4ec3-8049-13e9bb63eb92,9b482471-ba97-4234-b3f6-3068d8af3a2c
de4b2c5f-6cd0-4ec3-8049-13e9bb63eb92,9b482471-ba97-4234-b3f6-3068d8af3a2c
de4b2c5f-6cd0-4ec3-8049-13e9bb63eb92,9b482471-ba97-4234-b3f6-3068d8af3a2c
de4b2c5f-6cd0-4ec3-8049-13e9bb63eb92,9b482471-ba97-4234-b3f6-3068d8af3a2c
de4b2c5f-6cd0-4ec3-8049-13e9bb63eb92,9b482471-ba97-4234-b3f6-3068d8af3a2c
de4b2c5f-6cd0-4ec3-8049-13e9bb63eb92,9b482471-ba97-4234-b3f6-3068d8af3a2c
de4b2c5f-6cd0-4ec3-8049-13e9bb63eb92,9b482471-ba97-4234-b3f6-3068d8af3a2c
de4b2c5f-6cd0-4ec3-8049-13e9bb63eb92,9b482471-ba97-4234-b3f6-3068d8af3a2c
de4b2c5f-6cd0-4ec3-8049-13e9bb63eb92,9b482471-ba97-4234-b3f6-3068d8af3a2c
de4b2c5f-6cd0-4ec3-8049-13e9bb63eb92,9b482471-ba97-4234-b3f6-3068d8af3a2c
de4b2c5f-6cd0-4ec3-8049-13e9bb63eb92,9b482471-ba97-4234-b3f6-3068d8af3a2c
de4b2c5f-6cd0-4ec3-8049-13e9bb63eb92,9b482471-ba97-4234-b3f6-3068d8af3a2c
de4b2c5f-6cd0-4ec3-8049-13e9bb63eb92,9b482471-ba97-4234-b3f6-3068d8af3a2c
de4b2c5f-6cd0-4ec3-8049-13e9bb63eb92,9b482471-ba97-4234-b3f6-3068d8af3a2c
de4b2c5f-6cd0-4ec3-8049-13e9bb63eb92,9b482471-ba97-4234-b3f6-3068d8af3a2c
de4b2c5f-6cd0-4ec3-8049-13e9bb63eb92,9b482471-ba97-4234-b3f6-3068d8af3a2c
de4b2c5f-6cd0-4ec3-8049-13e9bb63eb92,9b482471-ba97-4234-b3f6-3068d8af3a2c
de4b2c5f-6cd0-4ec3-8049-13e9bb63eb92,9b482471-ba97-4234-b3f6-3068d8af3a2c
de4b2c5f-6cd0-4ec3-8049-13e9bb63eb92,9b482471-ba97-4234-b3f6-3068d8af3a2c
de4b2c5f-6cd0-4ec3-8049-13e9bb63eb92,9b482471-ba97-4234-b3f6-3068d8af3a2c
de4b2c5f-6cd0-4ec3-8049-13e9bb63eb92,9b482471-ba97-4234-b3f6-3068d8af3a2c
de4b2c5f-6cd0-4ec3-8049-13e9bb63eb92,9b482471-ba97-4234-b3f6-3068d8af3a2c
de4b2c5f-6cd0-4ec3-8049-13e9bb63eb92,9b482471-ba97-4234-b3f6-3068d8af3a2c
de4b2c5f-6cd0-4ec3-8049-13e9bb63eb92,9b482471-ba97-4234-b3f6-3068d8af3a2c
de4b2c5f-6cd0-4ec3-8049-13e9bb63eb92,9b482471-ba97-4234-b3f6-3068d8af3a2c
de4b2c5f-6cd0-4ec3-8049-13e9bb63eb92,9b482471-ba97-4234-b3f6-3068d8af3a2c
de4b2c5f-6cd0-4ec3-8049-13e9bb63eb92,9b482471-ba97-4234-b3f6-3068d8af3a2c
de4b2c5f-6cd0-4ec3-8049-13e9bb63eb92,9b482471-ba97-4234-b3f6-3068d8af3a2c
de4b2c5f-6cd0-4ec3-8049-13e9bb63eb92,9b482471-ba97-4234-b3f6-3068d8af3a2c
de4b2c5f-6cd0-4ec3-8049-13e9bb63eb92,9b482471-ba97-4234-b3f6-3068d8af3a2c
de4b2c5f-6cd0-4ec3-8049-13e9bb63eb92,9b482471-ba97-4234-b3f6-3068d8af3a2c
de4b2c5f-6cd0-4ec3-8049-13e9bb63eb92,9b482471-ba97-4234-b3f6-3068d8af3a2c
de4b2c5f-6cd0-4ec3-8049-13e9bb63eb92,9b482471-ba97-4234-b3f6-3068d8af3a2c
de4b2c5f-6cd0-4ec3-8049-13e9bb63eb92,9b482471-ba97-4234-b3f6-3068d8af3a2c
de4b2c5f-6cd0-4ec3-8049-13e9bb63eb92,9b482471-ba97-4234-b3f6-3068d8af3a2c
de4b2c5f-6cd0-4ec3-8049-13e9bb63eb92,9b482471-ba97-4234-b3f6-3068d8af3a2c
de4b2c5f-6cd0-4ec3-8049-13e9bb63eb92,9b482471-ba97-4234-b3f6-3068d8af3a2c
de4b2c5f-6cd0-4ec3-8049-13e9bb63eb92,9b482471-ba97-4234-b3f6-3068d8af3a2c
de4b2c5f-6cd0-4ec3-8049-13e9bb63eb92,9b482471-ba97-4234-b3f6-3068d8af3a2c
de4b2c5f-6cd0-4ec3-8049-13e9bb63eb92,9b482471-ba97-4234-b3f6-3068d8af3a2c
de4b2c5f-6cd0-4ec3-8049-13e9bb63eb92,9b482471-ba97-4234-b3f6-3068d8af3a2c
de4b2c5f-6cd0-4ec3-8049-13e9bb63eb92,9b482471-ba97-4234-b3f6-3068d8af3a2c
de4b2c5f-6cd0-4ec3-8049-13e9bb63eb92,9b482471-ba97-4234-b3f6-3068d8af3a2c
de4b2c5f-6cd0-4ec3-8049-13e9bb63eb92,9b482471-ba97-4234-b3f6-3068d8af3a2c
de4b2c5f-6cd0-4ec3-8049-13e9bb63eb92,9b482471-ba97-4234-b3f6-3068d8af3a2c
de4b2c5f-6cd0-4ec3-8049-13e9bb63eb92,9b482471-ba97-4234-b3f6-3068d8af3a2c
de4b2c5f-6cd0-4ec3-8049-13e9bb63eb92,9b482471-ba97-4234-b3f6-3068d8af3a2c
de4b2c5f-6cd0-4ec3-8049-13e9bb63eb92,9b482471-ba97-4234-b3f6-3068d8af3a2c
de4b2c5f-6cd0-4ec3-8049-13e9bb63eb92,9b482471-ba97-4234-b3f6-3068d8af3a2c
de4b2c5f-6cd0-4ec3-8049-13e9bb63eb92,9b482471-ba97-4234-b3f6-3068d8af3a2c
de4b2c5f-6cd0-4ec3-8049-13e9bb63eb92,9b482471-ba97-4234-b3f6-3068d8af3a2c
de4b2c5f-6cd0-4ec3-8049-13e9bb63eb92,9b482471-ba97-4234-b3f6-3068d8af3a2c
de4b2c5f-6cd0-4ec3-8049-13e9bb63eb92,9b482471-ba97-4234-b3f6-3068d8af3a2c
de4b2c5f-6cd0-4ec3-8049-13e9bb63eb92,9b482471-ba97-4234-b3f6-3068d8af3a2c
de4b2c5f-6cd0-4ec3-8049-13e9bb63eb92,9b482471-ba97-4234-b3f6-3068d8af3a2c
de4b2c5f-6cd0-4ec3-8049-13e9bb63eb92,9b482471-ba97-4234-b3f6-3068d8af3a2c
de4b2c5f-6cd0-4ec3-8049-13e9bb63eb92,9b482471-ba97-4234-b3f6-3068d8af3a2c
